-- phpMyAdmin SQL Dump
-- version 4.8.5
-- https://www.phpmyadmin.net/
--
-- Host: 127.0.0.1:3306
-- Generation Time: May 19, 2019 at 09:30 AM
-- Server version: 10.2.23-MariaDB
-- PHP Version: 7.2.17

SET SQL_MODE = "NO_AUTO_VALUE_ON_ZERO";
SET AUTOCOMMIT = 0;
START TRANSACTION;
SET time_zone = "+00:00";


/*!40101 SET @OLD_CHARACTER_SET_CLIENT=@@CHARACTER_SET_CLIENT */;
/*!40101 SET @OLD_CHARACTER_SET_RESULTS=@@CHARACTER_SET_RESULTS */;
/*!40101 SET @OLD_COLLATION_CONNECTION=@@COLLATION_CONNECTION */;
/*!40101 SET NAMES utf8mb4 */;

--
-- Database: `u359905538_cpall`
--

-- --------------------------------------------------------

--
-- Table structure for table `admin`
--

CREATE TABLE `admin` (
  `id` int(20) NOT NULL,
  `name` varchar(50) COLLATE utf8_unicode_ci NOT NULL,
  `personalid` int(50) NOT NULL,
  `empcode` int(20) NOT NULL,
  `status` text COLLATE utf8_unicode_ci NOT NULL
) ENGINE=InnoDB DEFAULT CHARSET=utf8 COLLATE=utf8_unicode_ci;

--
-- Dumping data for table `admin`
--

INSERT INTO `admin` (`id`, `name`, `personalid`, `empcode`, `status`) VALUES
(0, 'เจ', 12345, 54321, 'supperAdmin'),
(1, 'เจ', 12345, 54321, 'supperAdmin');

-- --------------------------------------------------------

--
-- Table structure for table `admins`
--

CREATE TABLE `admins` (
  `ID` int(20) NOT NULL,
  `name` varchar(50) COLLATE utf8_unicode_ci NOT NULL,
  `personalid` int(50) NOT NULL,
  `empcode` int(20) NOT NULL,
  `status` text COLLATE utf8_unicode_ci NOT NULL
) ENGINE=InnoDB DEFAULT CHARSET=utf8 COLLATE=utf8_unicode_ci;

-- --------------------------------------------------------

--
-- Table structure for table `advantage`
--

CREATE TABLE `advantage` (
  `id` int(11) NOT NULL,
  `detail` text COLLATE utf8_unicode_ci NOT NULL
) ENGINE=InnoDB DEFAULT CHARSET=utf8 COLLATE=utf8_unicode_ci;

--
-- Dumping data for table `advantage`
--

INSERT INTO `advantage` (`id`, `detail`) VALUES
(1, 'ได้รับทุนการศึกษาตลอดหลักสูตร'),
(2, 'มีรายได้ระหว่างเรียน'),
(3, 'ฝึกอาชีพจากประสบการณ์จริง'),
(4, 'จบแล้วมีงานทำ'),
(5, 'ได้รับสิทธิ์เข้ารับการศึกษาในระดับที่สูงขึ้น'),
(7, 'มีโอกาสเป็นเจ้าของร้านแฟรนไชส์7-11');

-- --------------------------------------------------------

--
-- Table structure for table `calendar`
--

CREATE TABLE `calendar` (
  `Cal_ID` int(20) NOT NULL,
  `Cal_Message` varchar(50) COLLATE utf8_unicode_ci NOT NULL,
  `Cal_StartDate` timestamp NOT NULL DEFAULT current_timestamp() ON UPDATE current_timestamp(),
  `Cal_EndDate` timestamp NOT NULL DEFAULT '0000-00-00 00:00:00',
  `Cal_StartTime` timestamp NOT NULL DEFAULT '0000-00-00 00:00:00',
  `Cal_EndTime` timestamp NOT NULL DEFAULT '0000-00-00 00:00:00',
  `Mem_ID` int(20) NOT NULL
) ENGINE=InnoDB DEFAULT CHARSET=utf8 COLLATE=utf8_unicode_ci;

-- --------------------------------------------------------

--
-- Table structure for table `callus`
--

CREATE TABLE `callus` (
  `id` int(11) NOT NULL,
  `name` text COLLATE utf8_unicode_ci NOT NULL,
  `position` text COLLATE utf8_unicode_ci NOT NULL,
  `phone` text COLLATE utf8_unicode_ci NOT NULL
) ENGINE=InnoDB DEFAULT CHARSET=utf8 COLLATE=utf8_unicode_ci;

--
-- Dumping data for table `callus`
--

INSERT INTO `callus` (`id`, `name`, `position`, `phone`) VALUES
(1, 'นางสาวปิยวดี  ปิณฑานนท์', 'ผู้ช่วยผู้จัดการฝ่ายฯบริหารโครงการการศึกษาระดับอาชีวศึกษา', '091-004-8157'),
(2, 'นางสาวภัณฑิรา  วงศ์มณีรัตน์', 'เจ้าหน้าที่อาวุโสบริหารโครงการการศึกษาระดับอาชีวศึกษา', '091-004-8117'),
(3, 'นายปริญญา  ชุลีพันธุมาศ', 'เจ้าหน้าที่อาวุโสบริหารโครงการการศึกษาระดับอาชีวศึกษา', '091-004-8491'),
(4, 'นายธีร  หงสกุล', 'เจ้าหน้าที่บริหารโครงการการศึกษาระดับอาชีวศึกษา', '091-004-8492'),
(5, 'นางสาวปุณิกา  วุฒิพงษ์', 'เจ้าหน้าที่บริหารโครงการการศึกษาระดับอาชีวศึกษา', '091-004-8490'),
(6, 'นางสาวศุภิกา  ประภาศิริกุล', 'เจ้าหน้าที่บริหารโครงการการศึกษาระดับอาชีวศึกษา', '091-004-9774'),
(7, 'นายจตุรพงค์  บุญพูล', 'เจ้าหน้าที่บริหารโครงการการศึกษาระดับอาชีวศึกษา', '091-004-8489'),
(8, 'พสุธร', 'เจ้าหน้าที่อาวุโสบริหารโครงการการศึกษาระดับอาชีวศึกษา', '091-004-000');

-- --------------------------------------------------------

--
-- Table structure for table `chat`
--

CREATE TABLE `chat` (
  `id` int(11) NOT NULL,
  `message` text COLLATE utf8mb4_unicode_ci NOT NULL,
  `status` int(11) NOT NULL,
  `member_id` int(11) NOT NULL,
  `is_read` int(11) NOT NULL,
  `create_at` datetime NOT NULL DEFAULT current_timestamp()
) ENGINE=InnoDB DEFAULT CHARSET=utf8mb4 COLLATE=utf8mb4_unicode_ci;

--
-- Dumping data for table `chat`
--

INSERT INTO `chat` (`id`, `message`, `status`, `member_id`, `is_read`, `create_at`) VALUES
(15, 'ระบบตอบคำถามอัตโนมัติยินดีให้บริการ', 1, 1, 1, '2019-05-19 07:34:48'),
(16, 'มีเงินไหม', 2, 1, 1, '2019-05-19 07:35:59'),
(17, 'ไม่มี', 1, 1, 1, '2019-05-19 07:35:59'),
(18, 'เอ', 2, 1, 1, '2019-05-19 07:36:41'),
(19, 'ไม่พบคำถามในคลังข้อมูลกรุณารอเจ้าหน้าที่ติดต่อกลับ', 1, 1, 1, '2019-05-19 07:36:41'),
(20, 'สวัสดีครับ', 1, 1, 1, '2019-05-19 07:37:28'),
(21, 'สวัสดีครับ', 1, 1, 1, '2019-05-19 07:37:47'),
(22, 'สวัสดีครับ', 1, 1, 1, '2019-05-19 07:37:52'),
(23, 'สวัสดีครับ', 1, 1, 1, '2019-05-19 07:38:02'),
(24, 'สวัสดีครับ', 1, 2, 0, '2019-05-19 07:40:03');

-- --------------------------------------------------------

--
-- Table structure for table `chatroom`
--

CREATE TABLE `chatroom` (
  `Chat_ID` int(20) NOT NULL,
  `Chat_Message` varchar(50) COLLATE utf8_unicode_ci NOT NULL,
  `Chat_Date` timestamp NOT NULL DEFAULT current_timestamp() ON UPDATE current_timestamp(),
  `Ad_ID` int(20) NOT NULL,
  `Mem_ID` int(20) NOT NULL
) ENGINE=InnoDB DEFAULT CHARSET=utf8 COLLATE=utf8_unicode_ci;

-- --------------------------------------------------------

--
-- Table structure for table `company`
--

CREATE TABLE `company` (
  `id` int(20) NOT NULL,
  `name` varchar(50) COLLATE utf8_unicode_ci NOT NULL,
  `fullname` varchar(500) COLLATE utf8_unicode_ci NOT NULL,
  `detail` text COLLATE utf8_unicode_ci NOT NULL,
  `logo` varchar(50) COLLATE utf8_unicode_ci NOT NULL,
  `image` varchar(50) COLLATE utf8_unicode_ci NOT NULL,
  `vision` text COLLATE utf8_unicode_ci NOT NULL,
  `philo` text COLLATE utf8_unicode_ci NOT NULL,
  `page` varchar(250) COLLATE utf8_unicode_ci NOT NULL
) ENGINE=InnoDB DEFAULT CHARSET=utf8 COLLATE=utf8_unicode_ci;

--
-- Dumping data for table `company`
--

INSERT INTO `company` (`id`, `name`, `fullname`, `detail`, `logo`, `image`, `vision`, `philo`, `page`) VALUES
(1, 'CP ALL', 'บริษัท ซีพี ออลล์ จำกัด (มหาชน)', 'หนึ่งในกลุ่มธุรกิจของเครือเจริญโภคภัณฑ์ ก่อตั้งขึ้นเมื่อปี 2531 บริษัทเป็นผู้ดำเนินธุรกิจค้าปลีกประเภทร้านสะดวกซื้อ 7-Eleven โดยได้รับสิทธิแต่เพียงผู้เดียว (Exclusive Right) จาก 7-Eleven, Inc. ให้ประกอบธุรกิจภายใต้เครื่องหมายการค้า “7-Eleven” ในประเทศไทย ภายใต้สัญญา Area License Agreement ตั้งแต่วันที่ 7 พฤศจิกายน 2531 และได้เปิดร้านสาขาแรกที่ซอยพัฒน์พงษ์', 'img_1556139277.png', 'img_1555870814.jpg', 'เราให้บริการความสะดวกกับทุกชุมชน', 'เราปรารถนารอยยิ้มจากลูกค้าด้วยทีมงานที่มีความสุข', 'cp.php'),
(2, 'สอศ.', '(สำนักงานคณะกรรมการการอาชีวศึกษา)', '', 'img_1556138656.jpg', '', 'สำนักงานคณะกรรมการการอาชีวศึกษา เป็นองค์กรที่ผลิตและพัฒนากำลังคนอย่างมีคุณภาพเพื่อตอบสนองความต้องการกำลังคนของประเทศและภาคเอกชน', 'จัดและส่งเสริมและพัฒนาการอาชีวศึกษาและการอบรมวิชาชีพให้มีคุณภาพและได้มาตรฐาน\r\n\r\nยกระดับคุณภาพและมาตรฐานกำลังคนสายอาชีพสู่สากล\r\n\r\nขยายโอกาสทางการศึกษาสายอาชีพให้ทั่วถึง ต่อเนื่อง เสมอภาค และเป็นธรรม\r\n\r\nเป็นแกนกลางในการจัดอาชีวศึกษาและอบรมวิชาชีพ ระดับฝีมือ เทคนิค และเทคโนโลยีของประเทศ\r\n\r\nสร้างเครือข่ายความร่วมมือให้ทุกภาคส่วนมีส่วนร่วมในการพัฒนาการจัดการอาชีวศึกษา และการฝึกอบรมวิชาชีพ\r\n\r\nวิจัย สร้างนวัตกรรม จัดการองค์ความรู้เพื่อการพัฒนาอาชีพ และคุณภาพชีวิตของประชาชน\r\n\r\nส่งเสริม/พัฒนา ครูและบุคลา', 'VEC.php'),
(3, 'การศึกษาระบบทวิภาคี', 'การจัดการเรียนการสอนระบบทวิภาคี ( The  Dual  Vocational  Training  System  :  DVT  System )', 'โครงการอาชีวะศึกษาระบบทวิภาคี เป็นการจัดการเรียนการสอนร่วมกันระหว่างสถานศึกษากับสถานประกอบการ โดยนักเรียนจะเรียนวิชาสามัญกับสถานศึกษา และ ฝึกปฏิบัติงานกับสถานประกอบการ เมื่อนักเรียนสำเร็จการศึกษาจะได้รับใบประกาศนียบัตรวิชาชีพ(ปวช.) และ ใบประกาศนียบัตรวิชาชีพขั้นสูง(ปวส.) สาขาวิชาธุรกิจค้าปลีก123', 'img_1556138668.png', 'img_1555870822.jpg', '', '', 'DVE.php');

-- --------------------------------------------------------

--
-- Table structure for table `course`
--

CREATE TABLE `course` (
  `id` int(11) NOT NULL,
  `describe` text COLLATE utf8_unicode_ci NOT NULL,
  `title` text COLLATE utf8_unicode_ci NOT NULL,
  `detail` text COLLATE utf8_unicode_ci NOT NULL
) ENGINE=InnoDB DEFAULT CHARSET=utf8 COLLATE=utf8_unicode_ci;

--
-- Dumping data for table `course`
--

INSERT INTO `course` (`id`, `describe`, `title`, `detail`) VALUES
(1, 'เป็นการเรียนรูปแบบ Block Course โดยแบ่งการเรียนออกเป็น 2 กลุ่ม ได้แก่ ', '1. กลุ่มเรียนภาคทฤษฎี : ', 'ใช้เวลาเรียน 1 ภาคการศึกษา โดยเรียนที่สถานศึกษา'),
(2, '', '2. กลุ่มฝึกภาคปฏิบัติ :', 'ใช้เวลาฝึก 1 ภาคการเรียน โดยฝึกภาคปฏิบัติที่ร้าน 7-11');

-- --------------------------------------------------------

--
-- Table structure for table `cp_award`
--

CREATE TABLE `cp_award` (
  `id` int(20) NOT NULL,
  `title` text COLLATE utf8_unicode_ci NOT NULL,
  `detail` text COLLATE utf8_unicode_ci NOT NULL
) ENGINE=InnoDB DEFAULT CHARSET=utf8 COLLATE=utf8_unicode_ci;

--
-- Dumping data for table `cp_award`
--

INSERT INTO `cp_award` (`id`, `title`, `detail`) VALUES
(1, '1 ใน 10 องค์กรแห่งนวัติกรรมยอดเยี่ยมแห่งประเทศไทย', 'ประจำปี 2552 ของโครงการ Thailand\'s Most Innovative Companies 2552 ซึ่งจัดขึ้นโดย คณะพาณิชยศาสตร์ และบัญชี จุฬาลงกรณ์มหาวิทยาลัย และหนังสือพิมพ์กรุงเทพธุรกิจ'),
(2, 'Best CEO 2010 SET Awards 2010 นายก่อศักดิ์ ไชยรัศมีศักดิ์ ได้รับรางวัล \"เบสท์ ซีอีโอ อวอร์ด\"', 'ประจำปี 2552 ของโครงการ Thailand\'s Most Innovative Companies 2552 ซึ่งจัดขึ้นโดย คณะพาณิชยศาสตร์ และบัญชี จุฬาลงกรณ์มหาวิทยาลัย และหนังสือพิมพ์กรุงเทพธุรกิจ'),
(3, 'Best CEO 2010 นายก่อศักดิ์ ไชยรัศมีศักดิ์ ประธานเจ้าหน้าที่บริหาร ซีพี ออลล์ รับรางวัล \"ซีอีโอ ยอดเยี่ยม\"', 'ในประเภทธุรกิจบริการ จากงาน \"เอสเอเอ อวอร์ด ฟอร์ ลิสท์ คอมพานีส์\"(SAA Awards for Listed Companies)จัดโดยสมาคมนักวิเคราะห์หลักทรัพย์โดยพิจารณาจากความเป็นผู้นำองค์กร ที่มีความรู้ความสามารถ ความเชี่ยวชาญในการบริหารงานแลนำพาองค์กรสู่ความสำเร็จและเติบโตอย่างยั่งยืนในสายตานักวิเคราะห์หลักทรัพย์'),
(4, 'Best Retailer ซีพี ออลล์ คว้ารางวัล \" ผู้ดำเนินธุรกิจค้าปลีกอันดับหนึ่งของเมืองไทย \"  จากนิตยสาร รีเทลล์ เอเชีย ร่วมกับ ยูโรมอนิเตอร์ อินเตอร์แนชัั่นแนล และ เคพีเอ็มจี', 'โดยมีเกณฑ์พิจารณาจากสัดส่วนยอดขายต่อพื้นที่สูงสุด ในงาน \"รีเทลล์ เอเชีย-แปซิฟิก ท็อป 500 แรงค์กิ้ง 2010 อวอร์ด\" (Retail Asia-Pacific Top 500 Ranking 2010 Awards) ขึ้น ณ กรุงปักกิ่ง สาธารณรัฐประชาชนจีน'),
(5, 'Asia\'s Fab 50 Companies', 'ได้รับการคัดเลือกจากนิตยสารฟอร์บส์ เอเชีย ให้เป็น 1 ใน 50 บริษัทจดทะเบียนขนาดใหญ่ที่มีผลงานโดดเด่นที่สุดในภูมิภาคเอเชียแปซิฟิก'),
(6, 'Top Corperate Brands 2011 องค์กรที่มีมูลค่าของแบรนด์สูงสุดในของประเทศไทยในกลุ่มบริการ', 'จากผลการวิจัยการประเมินค่าและจัดอันดับแบรนด์องค์กรในประเทศไทยประจำปี 2555 เป็นปีที่ 2 ติดต่อกัน'),
(7, 'ชนะเลิศอันดับ1 ในกลุ่มผู้ดำเนินธุรกิจค้าปลีกของเมืองไทย', 'จากการประเมินจัดอันดับร่วมกันของ ยูโรมอนิเตอร์ อินเตอร์แนชั่นแนล เคพีเอ็มจี และนิตยสาร รีเทลล์ เอเชีย ในงาน \"Retail Asia-Pacific Top 500 Ranking 2011 Awards\" เป็นปีที่ 2 ติดต่อกัน '),
(8, 'Asia\'s Fab 50 Companies', 'ได้รับการคัดเลือกจากนิตยสาร ฟอร์บส์ เอเชีย ให้เป็น 1 ใน 50 บริษัทจดทะเบียนขนาดใหญ่ที่มีผลงานโดดเด่นที่สุดในภูมิภาคเอเชียแปซิฟิกเป็นปีที่ 2 ติดต่อกัน'),
(9, 'Top Corporate Brands 2012 องค์กรที่มีมูลค่าของแบรนด์สูงสุดของประเทศไทยในกลุ่มบริการ', 'จากผลการวิจัยการประเมินค่าและจัดอันดับแบรนด์องค์กรในประเทศไทยประจำปี 2555 เป็นปีที่ 2 ติดต่อกัน'),
(10, 'ชนะเลิศอันดับ 1 ในกลุ่มผู้ดำเนินธุรกิจค้าปลีกของเมืองไทย', 'จากการประเมินจัดอันดับร่วมกันของ ยูโรมอนิเตอร์ อินเตอร์แนชั่นแนล เคพีเอ็มจี และนิตยสาร รีเทลล์ เอเชีย ในงาน \"Retail Asia-Pacific Top 500 Ranking 2012 Awards\" เป็นปีที่ 3 ติดต่อกัน '),
(11, 'รางวัล \"CEO ยอดเยี่ยม\" และ \"CFO ยอดเยี่ยม\" ในประเภทธุรกิจบริการ โครงการ \"SAA Awards for Listed Companies\"', 'ซึ่งจัดโดยสมาคมนักวิเคราะห์หลักทรัพย์'),
(13, 'test', 'test234');

-- --------------------------------------------------------

--
-- Table structure for table `dve`
--

CREATE TABLE `dve` (
  `title` text COLLATE utf8_unicode_ci NOT NULL,
  `detail` text COLLATE utf8_unicode_ci NOT NULL,
  `id` int(11) NOT NULL,
  `descripe` text COLLATE utf8_unicode_ci NOT NULL
) ENGINE=InnoDB DEFAULT CHARSET=utf8 COLLATE=utf8_unicode_ci;

--
-- Dumping data for table `dve`
--

INSERT INTO `dve` (`title`, `detail`, `id`, `descripe`) VALUES
('ระยะที่ 1: โครงการโรงเรียน-โรงงาน(Dual System) พ.ศ.2527–2537', 'กรมอาชีวศึกษาได้รับความช่วยเหลือทางวิชาการ จากรัฐบาลสหพันธ์สาธารณรัฐเยอรมนี ได้เริ่มดำเนินการทดลองจัด อาชีวศึกษาระบบ “โรงเรียน–โรงงาน” ภายใต้ความช่วยเหลือ ด้านการจัดระบบและรูปแบบการฝึกหัด จากองค์การ GTZ (Deutsche Gesellschaft Fuer Teche Zusammenarbeit) สหพันธ์สาธารณรัฐเยอรมนี ปีการศึกษา ๒๕๓๕ ได้เปลี่ยน ชื่อการจัดการศึกษาระบบโรงเรียน – โรงงาน เป็นการจัดการฝึกงานระบบทวิภาคี (Dual Vocational Training : DVT)', 1, ''),
('ระยะที่ 2: โครงการอาชีวศึกษาระบบทวิภาคี(Dual Vocational System) พ.ศ.2538–2541', 'เป็น “นโยบาย” ของกรมอาชีวศึกษา และส่งเสริมให้จัดการเรียนการสอน “ระบบทวิภาคี” โดยการปรับปรุงหลักสูตร ประกาศนียบัตรวิชาชีพ (ปวช.) พ.ศ. ๒๕๓๘ มีความหลากหลายวิธีการจัดการเรียนการสอน คือ ระบบปกติระบบทวิภาคี ระบบสะสมหน่วยกิต / เทียบโอน และระบบทางไกล', 2, 'สัญลักษณ์“ระบบทวิภาคี” Dual Vocational Training(DVT) สืบเนื่องจากเป็นโครงการความร่วมมือทางวิชาการ ไทย – เยอรมัน จึงมีธงชาติของทั้งสองประเทศ เป็นการแสดงถึงความร่วมมือของ 2 ประเทศ'),
('ระยะที่ 3: การฝึกงานครึ่งหลักสูตร พ.ศ.2542 – 2550', 'สำนักงานคณะกรรมการการอาชีวศึกษา ได้ดำเนินการพัฒนาหลักสูตร คือ ประกาศนียบัตรวิชาชีพ พุทธศักราช 254 (ปรับปรุง พ.ศ.2546) และหลักสูตรประกาศนียบัตรวิชาชีพชั้นสูง พุทธศักราช 2546 เป็นการจัดอาชีวศึกษาโดยความร่วมมือกับสถานประกอบการ สามารถนำรายวิชาชีพไปจัดฝึกในสถานประกอบการ โดยจัด ได้ 2 รูปแบบ - การฝึกงานครึ่งหลักสูตร (ระบบทวิภาคี) มีระยะเวลาฝึกงานอย่างน้อยครึ่งหนึ่ง ของระยะเวลาเรียนตลอดหลักสูตร - การฝึกงาน 1 ภาคเรียน ให้นำรายวิชาหมวดวิชาชีพ จัดฝึกในสถานประกอบการอย่างน้อย 1 ภาคเรียน', 3, 'โครงการความร่วมมือทางวิชาการ ไทย – เยอรมัน สิ้นสุดโครงการ สัญลักษณ์“ระบบทวิภาคี”(Dual Vocational Training) จึงคงใช้อักษรย่อ DVT โดยไม่มีรูปธงชาติของ 2 ประเทศ');

-- --------------------------------------------------------

--
-- Table structure for table `event`
--

CREATE TABLE `event` (
  `id` int(11) NOT NULL,
  `title` text COLLATE utf8mb4_unicode_ci NOT NULL,
  `detail` text COLLATE utf8mb4_unicode_ci NOT NULL,
  `pic` text COLLATE utf8mb4_unicode_ci NOT NULL,
  `address` text COLLATE utf8mb4_unicode_ci NOT NULL,
  `lat` double NOT NULL,
  `lng` double NOT NULL,
  `date_time` text COLLATE utf8mb4_unicode_ci NOT NULL
) ENGINE=InnoDB DEFAULT CHARSET=utf8mb4 COLLATE=utf8mb4_unicode_ci;

--
-- Dumping data for table `event`
--

INSERT INTO `event` (`id`, `title`, `detail`, `pic`, `address`, `lat`, `lng`, `date_time`) VALUES
(1558185231, 'Title', 'ooooooooooooooooooooooooooooooooooooooo', 'img_1558185231.jpg', 'test', 13.7563, 100.5018, '20:10 05/01/2019'),
(1558193408, 'test01', 'vbvbvbvb', 'img_1558193408.jpg', 'nnnnnn', 13.752801, 100.501587, '22:15 05/01/2019'),
(1558193531, 'test01', 'vbvbvbvb', 'img_1558193531.jpg', 'nnnnnn', 13.752801, 100.501587, '22:15 05/01/2019'),
(1558193602, 'test01', 'vbvbvbvb', 'img_1558193603.jpg', 'nnnnnn', 13.752801, 100.501587, '22:15 05/01/2019'),
(1558250833, 'title', 'detail', 'img_1558250834.jpg', 'address', 13.756990397556972, 100.49585926778241, '14:15 05/02/2019');

-- --------------------------------------------------------

--
-- Table structure for table `gallery`
--

CREATE TABLE `gallery` (
  `id` int(11) NOT NULL,
  `gallery_name` varchar(100) COLLATE utf8_unicode_ci NOT NULL
) ENGINE=InnoDB DEFAULT CHARSET=utf8 COLLATE=utf8_unicode_ci;

--
-- Dumping data for table `gallery`
--

INSERT INTO `gallery` (`id`, `gallery_name`) VALUES
(10, 'img_1556025999.jpg'),
(12, 'img_1556027006.jpg'),
(13, 'img_1556027013.jpg'),
(14, 'img_1556027033.jpg'),
(15, 'img_1556027042.jpg'),
(16, 'img_1556027098.jpg'),
(17, 'img_1556027108.jpg');

-- --------------------------------------------------------

--
-- Table structure for table `home`
--

CREATE TABLE `home` (
  `title` text CHARACTER SET utf8 COLLATE utf8_unicode_ci NOT NULL,
  `detail` text CHARACTER SET utf8 COLLATE utf8_unicode_ci NOT NULL,
  `id` int(11) NOT NULL
) ENGINE=InnoDB DEFAULT CHARSET=latin1;

--
-- Dumping data for table `home`
--

INSERT INTO `home` (`title`, `detail`, `id`) VALUES
('ทวิภาคีคืออะไร?', 'โครงการอาชีวศึกษาระบบทวิภาคี เป็นการจัดการเรียนการสอนร่วมกันระหว่างสถานศึกษากับสถานประกอบการ โดยนักเรียนจะเรียนวิชาสามัญกับสถานศึกษา และ ฝึกปฏิบัติงานกับสถานประกอบการ เมื่อนักเรียนสำเร็จการศึกษาจะได้รับใบประกาศนียบัตรวิชาชีพ(ปวช.)และใบประกาศนียบัตรวิชาชีพขั้นสูง(ปวส.) สาขาวิชาธุรกิจค้าปลีก', 3);

-- --------------------------------------------------------

--
-- Table structure for table `member`
--

CREATE TABLE `member` (
  `id` int(11) NOT NULL,
  `name` text COLLATE utf8_unicode_ci NOT NULL,
  `lastname` text COLLATE utf8_unicode_ci NOT NULL,
  `birthday` datetime NOT NULL,
  `personalid` text COLLATE utf8_unicode_ci NOT NULL,
  `age` int(11) NOT NULL,
  `email` text COLLATE utf8_unicode_ci NOT NULL,
  `phone` text COLLATE utf8_unicode_ci NOT NULL,
  `address` text COLLATE utf8_unicode_ci NOT NULL,
  `interest` text COLLATE utf8_unicode_ci NOT NULL,
  `disease` text COLLATE utf8_unicode_ci NOT NULL,
  `height` int(11) NOT NULL,
  `weight` int(11) NOT NULL,
  `parentphone` text COLLATE utf8_unicode_ci NOT NULL,
  `homephone` text COLLATE utf8_unicode_ci NOT NULL,
  `oldschool` text COLLATE utf8_unicode_ci NOT NULL,
  `status` text CHARACTER SET utf8 COLLATE utf8_bin NOT NULL,
  `create_at` timestamp NOT NULL DEFAULT current_timestamp()
) ENGINE=InnoDB DEFAULT CHARSET=utf8 COLLATE=utf8_unicode_ci;

--
-- Dumping data for table `member`
--

INSERT INTO `member` (`id`, `name`, `lastname`, `birthday`, `personalid`, `age`, `email`, `phone`, `address`, `interest`, `disease`, `height`, `weight`, `parentphone`, `homephone`, `oldschool`, `status`, `create_at`) VALUES
(1, 'กิตติทัต', 'พิชิตพิเชษฐ', '1997-04-09 00:00:00', '9746525357419', 22, 'korn@gmail.com', '097-441-4945', '171 หมู่ 5 ถ.สมเด็จ ต.ตาลสุม อ.ตาลสุม อุบลราชธานี 34330', 'ดูหนัง', 'หอบหื่นดด', 200, 78, '09-744-14947', '02-467-2451', 'วิทยาลัยการอาชีพเขมราฐ', 'นักศึกษา', '2019-05-12 08:46:24'),
(2, 'กิตติยา', 'วิเชียรชัย', '1998-03-11 00:00:00', '1663724769639', 21, 'kitiya@gmail.com', '087-491-5994', '158/17-18 ถนนพิชัยรณรงค์สงคราม ซอย 1 ต.ปากเพรียว อ.เมือง จ.สระบุรี 18000', 'ดำน้ำ', 'ตื่นตัว', 156, 57, '087-491-5995', '02-515-5482', 'วิทยาลัยเทคนิคมวกเหล็ก', 'นักศึกษา', '2019-05-12 08:46:24'),
(3, 'กิรณา ', 'เอี่ยมอำนวย', '1999-06-19 00:00:00', '6166468680245', 19, 'kiki@bmail.com', '097-495-5962', '72/33-34 ถ.ศุขประยูร ต.หน้าเมือง \r\nอ.เมือง จ.ฉะเชิงเทรา 24000', 'สายเขียว', 'ติดอ่าง', 134, 45, '097-495-5964', '02-674-2950', 'วิทยาลัยการอาชีพบางปะกง', 'นักศึกษา', '2019-05-12 08:46:24'),
(4, 'กุลกร', 'บัวรุ่ง', '1997-05-19 00:00:00', ' 6382946190877', 21, 'naiza007@gmail.com', '090-590-9965', '104/32 หมู่ 2 ถนนพระยาสัจจา ต.เสม็ด \r\nอ.เมือง จ.ชลบุรี 20000', 'youtuber', 'ไข้หวัดแมว', 182, 59, '090-594-9969', '02-386-7356', 'วิทยาลัยอาชึวศึกษาชลบุรี', 'นักศึกษา', '2019-05-12 08:46:24'),
(5, 'จินต์จุฑา', 'รัตนรังษีวรชัย', '1998-01-09 00:00:00', '1024539330592', 21, 'kinju555@gmail.com', '086-469-2993', '109/10-11 ถ.จันทอุดม ต.เชิงเนิน \r\nอ.เมือง จ.ระยอง 21000', 'เล่นพนันออนไลน์', 'ไม่มี', 134, 57, '086-469-2991', '02-911-8734', 'วิทยาลัยเทคนิคระยอง', 'นักศึกษา', '2019-05-12 08:46:24'),
(6, 'เจษฎากร  ', 'ควรชม', '1997-09-29 00:00:00', '1325968557258', 21, 'nettteypeykajay@gmail.com', '098-664-1949', '818,822 หมุ่ที่ 9ต.สำโรงเหนือ \r\nอ.เมือง จ.สมุทรปราการ 10270', 'นักเล่นเกมส์', 'นอนไม่หลับ', 172, 78, '098-664-1940', '02-448-6920', 'วิทยาลัยเทคนิคสมุทรปราการ', 'นักศึกษา', '2019-05-12 08:46:24'),
(7, 'ชลิตา', 'เสาะด้น', '1998-12-02 00:00:00', '1104599350357', 21, 'mukmumooo@gmail.com', '089-639-4944', '28/38-39 ถนนยิงเป้า ต.สนามจันทร์ \r\nอ.เมือง จ.นครปฐม 73000', 'แต่งหน้า', 'ไม่มี', 164, 50, '089-639-4949', '02-445-7920', 'วิทยาลัยอาชีวศึกษานครปฐม', 'นักศึกษา', '2019-05-12 08:46:24'),
(8, 'ชัชวาล', 'อธิวรินทร์', '1997-03-30 00:00:00', '1025358556341', 22, 'ccsstonkub@gmail.com', '088-636-6298', 'ุ69/109 ถ.ศุขประยูร ต.หน้าเมือง \r\nอ.เมือง จ.ฉะเชิงเทรา 24000', 'เขียนโค้ด', 'มือชา', 164, 71, '088-636-6291', '02-131-9190', 'วิทยาลัยอาชีวศึกษาฉะเชิงเทรา', 'นักศึกษา', '2019-05-12 08:46:24'),
(9, 'นันทิชา', 'บุญถนอม', '1998-10-10 00:00:00', '1239024579350', 21, 'mapangseiiiii@gmail.com', '099-392-4929', '252/1-2 ม.6 ถ.เพชรเกษม ต.บ้านหม้อ \r\nอ.เมือง จ.เพชรบุรี 76000', 'ดึงดาว', 'สมาธิสั้น', 145, 64, '099-392-4924', '02-345-8769', 'วิทยาลัยอาชีวศึกษาเพชรบุรี', 'นักศึกษา', '2019-05-12 08:46:24'),
(10, 'เบญจมาภรณ์', 'รุ่นประพันธ์', '1997-01-30 00:00:00', '1091809358536', 22, 'wellohyear@gmail.com', '096-679-1639', '919/118 ม.10 ถ.พหลโยธิน ต.นครสวรรค์ตก \r\nอ.เมือง จ.นครสวรรค์ 60000', 'เล่นหุ้น', 'ไขมันสูง', 157, 43, '096-679-1637', '02-450-1983', 'วิทยาลัยอาชีวศึกษานครสวรรค์', 'นักศึกษา', '2019-05-12 08:46:24'),
(11, 'พสิษฐ์ ', 'มัญญะหงษ์', '1997-07-09 00:00:00', '1127548290950', 21, 'kongpasitko@gmail.com', '064-195-9598', '357 ม.8 ถ.ผาปก-ตะโกล่าง, สวนผึ้ง 70180, ไทย', 'เขียนโค้ด', 'ความดันต่ำ', 187, 54, '064-195-9590', '02-987-5543', 'วิทยาลัยเทคนิคราชบุรี', 'นักศึกษา', '2019-05-12 08:46:24'),
(13, 'ภัทรนันท์\r\n', 'ฮึกหาญ', '1998-11-11 00:00:00', '1027092180958', 20, 'pomeeta@gmail.com', '099-495-9263', '99/993 ม.6 ต.แพรกษา \r\nอ.เมืองฯ จ.สมุทรปราการ 10280', 'ตกปลา', 'เบาหวาน', 170, 81, '099-495-9262', '02-387-9941', 'วิทยาลัยเทคนิคสมุทรปราการ', 'นักศึกษา', '2019-05-12 08:46:24'),
(14, 'วรโชติ\r\n', 'นวลลักษณ์', '1997-09-09 00:00:00', '1125590948507', 21, 'punnumpan09@gmail.com', '093-639-8828', '403/1 ถ.สิโรรส ต.สะเตง อ.เมือง ยะลา 95000', 'เล่นเกมส์ทุกอย่ง', 'ไม่มี', 167, 69, '093-639-8820', '02-187-3924', 'วิทยาลัยอาชีวศึกษายะลา', 'นักศึกษา', '2019-05-12 08:46:24'),
(15, 'สนธยา\r\n', 'วงค์หอคำ', '1996-01-01 00:00:00', '1024110599950', 23, 'tewwonholop@gamil.com', '099-282-8953', '22/68-69 ถ.พัฒนาการคูขวาง ต.ในเมือง \r\nอ.เมือง จ.นครศรีธรรมราช 80000', 'การตลาด', 'ไม่มี', 163, 49, '099-282-8954', '02-334-7641', 'วิทยาลัยอาชีวศึกษานครศรีธรรมราช', 'นักศึกษา', '2019-05-12 08:46:24'),
(16, 'สโรชา\r\n', 'มณีนพรัตน์', '1997-05-21 00:00:00', '1212029854356', 21, 'ithinksooo@gmail.com', '095-824-4964', '236/7 ถ.กันตัง ต.ทับเที่ยง \r\nอ. เมือง จ.ตรัง 92000', 'เล่นเกมส์', 'มือเท้าปาก', 156, 58, '095-824-4969', '02-675-8332', 'วิทยาลัยการอาชีพกันตัง', 'นักศึกษา', '2019-05-12 08:46:24'),
(17, 'สิรีธร\r\n', 'ประกอบศรี', '1997-03-18 00:00:00', '2301137570950', 22, 'pangjajai@gmail.com', '095-351-9699', '53/4-5 ริมถนนชุมพร-หลังสวน ต.ขุนกระทิง \r\nอ.เมือง จ.ชุมพร 86190', 'โทรศัพท์', 'โรคติดโซเชียล', 150, 47, '095-351-9695', '02-485-6103', 'วิทยาลัยอาชีวศึกษาชุมพ', 'นักศึกษา', '2019-05-12 08:46:24'),
(18, 'สุทินา\r\n', 'กระทิพรมราช', '1998-01-09 00:00:00', '2001069344356', 21, 'katialotdee@gmail.com', '095-569-6628', '119/10 ถ.นิตโย ต.หมากแข้ง \r\nอ.เมือง จ.อุดรธานี 41000', 'แต่งหน้า', 'สิวฝ้า', 158, 46, '095-569-6626', '02-390-8871', 'วิทยาลัยอาชีวศึกษาอุดรธานี', 'นักศึกษา', '2019-05-12 08:46:24'),
(19, 'สุนิสา\r\n', 'สุวรรณพิงคา', '1997-07-14 00:00:00', '1008373974936', 21, 'eforndotcom@gmail.com', '099-419-4983', '31 ถนนพิจิตร-กำแพงเพชร ตำบลเมือง อำเภอเมืองพิจิตร จังหวัดพิจิตร 66000 ', 'ท่องเที่ยว', 'ไขมันอุดตันในเส้นเลือด', 132, 62, '099-419-4981', '02-564-9912', 'วิทยาลัยสารพัดช่างพิจิตร', 'นักศึกษา', '2019-05-12 08:46:24'),
(20, 'อินทัช\r\n', 'จุลทรักษ์', '1997-03-30 00:00:00', ' 8543173660235', 22, 'touchmylove@gmail.com', '088-649-9264', 'หมู่ที่ 2 บ้านบางเสด็จ ตำบล บางเสด็จ อำเภอ ป่าโมก จังหวัด อ่างทอง 14130.', 'แข่งรถ', 'ความดันต่ำ', 143, 51, '088-649-9262', '02-334-5629', 'วิทยาลัยการอาชีพโพธิ์ทอง', 'นักศึกษา', '2019-05-12 08:46:24'),
(21, 'เอกพรรดิ\r\n', 'สร้อยศรี', '1997-04-07 00:00:00', '2836214218991', 22, 'kingdom@gmail.com', '093-8962829', '108 ถนนสุขุมวิท ตำบล วังกระแจะ อำเภอ เมืองตราด ตราด 23000', 'แข่งรถ', 'ความดันต่ำ', 156, 47, '093-8962820', '02-998-1247', 'วิทยาลัยสารพัดช่างตราด', 'นักศึกษา', '2019-05-12 08:46:24'),
(22, 'ณัชชา\r\n', 'ด่านประสิท', '1997-06-22 00:00:00', '6742338365715', 21, 'mamasan123@gmail.com', '085-595-5649', 'ถนน กม.5 ฝั่งซ้าย ต.อรัญประเทศ อ.อรัญประเทศ จ.สระแก้ว 27000', 'การลดน้ำหนัก', 'โรคอ้วน', 170, 71, '085-595-5645', '02-332-5134', 'วิทยาลัยการอาชีพวังน้ำเย็น', 'นักศึกษา', '2019-05-12 08:46:24'),
(23, 'นิชาภา\r\n', 'กฤษณะกำชัย', '1997-06-01 00:00:00', '5130151328366', 21, 'nenenichapaaaaaaa@gmail.com', '094-747-9286', '38 ซอย เจษฎาบดินทร์ 1 ตำบล ท่าอิฐ อำเภอเมืองอุตรดิตถ์ อุตรดิตถ์ 53000', 'ตะเวนกินอาหาร', 'ไขมันอุดตันในเส้นเลือด', 142, 61, '094-747-9284', '02-616-2468', 'วิทยาลัยอาชีวศึกษาอุตรดิตถ์', 'นักศึกษา', '2019-05-12 08:46:24'),
(24, 'สิรวิชญ์ \r\n', 'ทบประดิษฐ์', '1996-12-31 00:00:00', '1871052062068', 23, 'oneday@gmail.com', '098-681-6891', '1 Worawichai ตำบล ในเวียง อำเภอ เมืองน่าน น่าน 55000', 'การถ่ายรูป', 'ไม่มี', 164, 59, '098-681-6892', '02-326-3412', 'วิทยาลัยการอาชีพเวียงสา', 'นักศึกษา', '2019-05-12 08:46:24'),
(25, 'อชิรวินทร์ ', 'มาลีวงษ์ภัทร์', '1997-08-21 00:00:00', '4928062864337', 21, 'maleeboken1@gmail.com', '082-965-5696', '68 หลักเมือง ตำบล ในเมือง อำเภอเมืองสุรินทร์ สุรินทร์ 32000', 'ออกกำลังกาย', 'หอบ', 166, 66, '082-965-5698', '02-428-4520', 'วิทยาลัยการอาชีพศีขรภูมิ', 'นักศึกษา', '2019-05-12 08:46:24'),
(26, 'จิรัฐติกาล\r\n', 'กระแสร์', '1997-03-07 00:00:00', '4696237039250', 22, 'jennighdrak@gmail.com', '097-939-9334', 'ถนน สรรพสิทธิ์ อำเภอเมือง จังหวัดอุบลราชธานี 34000', 'ลักไฟฟ้า', 'ไม่มี', 141, 45, '097-939-9331', '02-939-9332', 'วิทยาลัยอาชีวศึกษาอุบลราชธานี', 'นักศึกษา', '2019-05-12 08:46:24'),
(27, 'ชนิดา\r\n', 'จำปาพงษ์', '1997-09-13 00:00:00', '4369862920301', 21, 'ployeyadam@gmail.com', '080-699-9645', '1041 ถนนเจริญเมือง ตำบลธาตุเชิงชุม อำเภอเมืองสกลนคร จังหวัดสกลนคร 47000', 'ท่องเที่ยว', 'นอนไม่หลับ', 151, 63, '080-699-9641', '02-699-3645', 'วิทยาลัยเทคนิคสกลนคร', 'นักศึกษา', '2019-05-12 08:46:24'),
(28, 'ชยพล\r\n', 'สูยะนันทน์', '1997-08-20 00:00:00', '8512312497507', 21, 'slotofsleep@gmail.com', '095-546-6669', '168 ผดุงวิถี ซอย ผดุงวิถี 5 ตำบล ตลาด อำเภอเมืองมหาสารคาม มหาสารคาม 44000', 'ผลิตเตียงเพื่อสุขภาพ', 'นอนทังวัน', 170, 56, '095-546-6661', '02-146-6669', 'วิทยาลัยอาชีวศึกษามหาสารคาม', 'นักศึกษา', '2019-05-12 08:46:24'),
(29, 'ไตรวิชญ์\r\n', 'ฤทธิผล', '1997-02-08 00:00:00', '1102700705626', 22, 'newfreedomzone@gmail.com', '094-558-5629', '70 ข ถนนแจ้งวัฒนะ ตำบลปากเกร็ด อำเภอปากเกร็ด จังหวัดนนทบุรี 11120', 'กดกาชา', 'ภูมิแพ้', 167, 66, '094-558-5634', '02-583-4280', 'วิทยาลัยเทคนิคปทุมธานี', 'นักศึกษา', '2019-05-12 08:46:24'),
(30, 'ธนภัทร\r\n', 'ธนจิรปรียา', '1997-11-04 00:00:00', '064-749-2996', 21, 'chontop421@gmail.com', '064-749-2996', '436 ตำบล ท้ายช้าง อำเภอเมืองพังงา พังงา 82000', 'เล่นเกมส์', 'ฟันผุ', 174, 61, '064-749-2996', '02-749-2396', 'วิทยาลัยเทคนิคพังงา', 'นักศึกษา', '2019-05-12 08:46:24'),
(31, 'โรจนินทน์\r\n', 'ถิระเฉลิมโรจน์', '1997-07-16 00:00:00', '5475402536497', 21, 'jemjinokinji@gmail.com', '095-596-6691', 'ถนน ราเมศวร์ ตำบล คูหาสวรรค์ อำเภอเมืองพัทลุง พัทลุง 93000', 'แข่งรถ', 'ขาดสารอาหาร', 159, 49, '095-596-6695', '02-596-4691', 'วิทยาลัยการอาชีพควนขนุน', 'นักศึกษา', '2019-05-12 08:46:24'),
(32, 'กมลพรรณ\r\n', 'วิบูลย์พานิช', '1997-04-13 00:00:00', '8361084043371', 22, 'ammkamonporn@gmail.com', '065-539-2989', 'ตำบล คลองกระแซง อำเภอเมืองเพชรบุรี เพชรบุรี 76000', 'ถ่ายรูป', 'ไม่มี', 157, 44, '065-539-2983', '02-539-1989', 'วิทยาลัยอาชีวศึกษาเพชรบุรี', 'นักศึกษา', '2019-05-12 08:46:24'),
(33, 'กฤติน \r\n', 'ชัยมงคล', '1999-06-09 00:00:00', '3205224055990', 21, 'nicezanarak@gmail.com', '063-694-9964', '237 ถนนพิทักษ์ชาติ ตำบลประจวบคีรีขันธ์ อำเภอเมืองประจวบคีรีขันธ์ จังหวัดประจวบคีรีขันธ์ 77000', 'เทคโนโลยีใหม่ๆ', 'แพ้เนื้อไก่', 180, 60, '063-694-9965', '02-694-9464', 'วิทยาลัยการอาชีพวังไกลกังวล', 'นักศึกษา', '2019-05-12 08:46:24'),
(34, 'กุลจิรา\r\n', 'วิตตินานนท์', '1997-12-10 00:00:00', '2144317284141', 21, 'keeeunjila@gmail.com', '086-917-5695', '325 ถนน อุตรกิจ ตำบล ปากน้ำ อำเภอ เมืองกระบี่ กระบี่ 81000', 'หาของอร่อยกิน', 'เบาหวาน', 155, 70, '086-917-5691', '02-917-5693', 'วิทยาลัยสารพัดช่างกระบี่', 'นักศึกษา', '2019-05-12 08:46:24'),
(35, 'โชติกาณฑ์\r\n', 'บุญพูล', '1997-04-19 00:00:00', '9726378607912', 22, 'shotikan@gmail.com', '061-898-7953 ', '2 ซอย วิจัย 7 ถนน เพชรบุรีตัดใหม่ แขวง บางกะปิ เขต ห้วยขวาง กรุงเทพมหานคร 10310', 'เขียนโค้ด', 'นอนไม่หลับ', 153, 58, '061-898-7951', '02-898-7953 ', 'วิทยาลัยพาณิชยการบางนา', 'นักศึกษา', '2019-05-12 08:46:24'),
(36, 'ณิรชา\r\n', 'จงวิทยาดี', '1997-11-17 00:00:00', '5839046579291', 21, 'pet09pell@gmail.com', '065-992-5749', 'ถนน ราเมศวร์ ตำบล คูหาสวรรค์ อำเภอเมืองพัทลุง พัทลุง 93000', 'ถ่ายรูป', 'ฟันผุ', 155, 50, '065-992-5744', '02-992-5749', 'วิทยาลัยเทคนิคพัทลุง', 'นักศึกษา', '2019-05-12 08:46:24'),
(37, 'นันทิยา\r\n', 'สุดทิม', '1997-08-21 00:00:00', '3094518673900', 21, 'natnatok@gmail.com', '093-178-2899', '1158 ตำบล ในเมือง อำเภอ เมืองหนองคาย หนองคาย 43000', 'งานประชาสัมพันธ์', 'ไม่มี', 169, 60, '093-178-2897', '02-178-2859', 'วิทยาลัยเทคโนโลยีและอุตสาหกรรมการต่อเรือหนองคาย', 'นักศึกษา', '2019-05-12 08:46:24'),
(38, 'ศุภารัตน์\r\n', 'ไกรอาบ', '1998-11-11 00:00:00', '6014951478748', 23, 'sawanskin@gmail.com', '082-959-4649', 'ตำบล ท่าตะเภา อำเภอเมืองชุมพร ชุมพร 86000', 'การตลาด', 'ปวดหัว', 170, 50, '082-959-4642', '02-959-1649', 'วิทยาลัยอาชีวศึกษาชุมพร', 'นักศึกษา', '2019-05-12 08:46:24'),
(39, 'สุนิสา\r\n', 'ผาลา', '1998-05-26 00:00:00', '3340588387284', 21, 'kuneye@gmail.com', '084-263-9987', 'ตำบล คลองกระแซง อำเภอเมืองเพชรบุรี เพชรบุรี 76000', 'ถ่ายรูป', 'ตื่นตัว', 157, 45, '084-263-9187', '02-263-9987', 'วิทยาลัยอาชีวศึกษาเพชรบุรี', 'นักศึกษา', '2019-05-12 08:46:24'),
(41, 'จตุรพงค์', 'บุญพูล', '2019-04-17 00:00:00', '11335577', 0, 'shotigran.snook@gmail.com', '091-004-9774', 'test', 'วิทยาลัยอาชีวศึกษานครปฐม', 'test', 155, 55, '0817528805', '023187552', 'DSRU', '', '2019-05-12 08:46:24');

-- --------------------------------------------------------

--
-- Table structure for table `noti`
--

CREATE TABLE `noti` (
  `id` int(11) NOT NULL,
  `title` varchar(255) COLLATE utf8mb4_unicode_ci NOT NULL,
  `message` varchar(255) COLLATE utf8mb4_unicode_ci NOT NULL,
  `event_id` int(11) NOT NULL,
  `create_at` datetime NOT NULL DEFAULT current_timestamp(),
  `is_read` int(1) NOT NULL DEFAULT 0,
  `member_id` int(11) NOT NULL,
  `status` int(11) NOT NULL
) ENGINE=InnoDB DEFAULT CHARSET=utf8mb4 COLLATE=utf8mb4_unicode_ci;

--
-- Dumping data for table `noti`
--

INSERT INTO `noti` (`id`, `title`, `message`, `event_id`, `create_at`, `is_read`, `member_id`, `status`) VALUES
(8, 'Title', 'ooooooooooooooooooooooooooooooooooooooo', 1558185231, '2019-05-18 13:13:51', 1, 1, 1),
(9, 'Title', 'ooooooooooooooooooooooooooooooooooooooo', 1558185231, '2019-05-18 13:13:51', 0, 2, 1),
(10, 'Title', 'ooooooooooooooooooooooooooooooooooooooo', 1558185231, '2019-05-18 13:13:51', 0, 3, 1),
(11, 'Title', 'ooooooooooooooooooooooooooooooooooooooo', 1558185231, '2019-05-18 13:13:51', 0, 4, 1),
(12, 'Title', 'ooooooooooooooooooooooooooooooooooooooo', 1558185231, '2019-05-18 13:13:51', 0, 5, 1),
(13, 'Title', 'ooooooooooooooooooooooooooooooooooooooo', 1558185231, '2019-05-18 13:13:51', 0, 6, 1),
(14, 'Title', 'ooooooooooooooooooooooooooooooooooooooo', 1558185231, '2019-05-18 13:13:51', 0, 7, 1),
(15, 'Title', 'ooooooooooooooooooooooooooooooooooooooo', 1558185231, '2019-05-18 13:13:51', 0, 8, 1),
(16, 'Title', 'ooooooooooooooooooooooooooooooooooooooo', 1558185231, '2019-05-18 13:13:51', 0, 9, 1),
(17, 'Title', 'ooooooooooooooooooooooooooooooooooooooo', 1558185231, '2019-05-18 13:13:51', 0, 10, 1),
(18, 'Title', 'ooooooooooooooooooooooooooooooooooooooo', 1558185231, '2019-05-18 13:13:51', 0, 11, 1),
(19, 'Title', 'ooooooooooooooooooooooooooooooooooooooo', 1558185231, '2019-05-18 13:13:51', 0, 13, 1),
(20, 'Title', 'ooooooooooooooooooooooooooooooooooooooo', 1558185231, '2019-05-18 13:13:51', 0, 14, 1),
(21, 'Title', 'ooooooooooooooooooooooooooooooooooooooo', 1558185231, '2019-05-18 13:13:51', 0, 15, 1),
(22, 'Title', 'ooooooooooooooooooooooooooooooooooooooo', 1558185231, '2019-05-18 13:13:51', 0, 16, 1),
(23, 'Title', 'ooooooooooooooooooooooooooooooooooooooo', 1558185231, '2019-05-18 13:13:51', 0, 17, 1),
(24, 'Title', 'ooooooooooooooooooooooooooooooooooooooo', 1558185231, '2019-05-18 13:13:51', 0, 18, 1),
(25, 'Title', 'ooooooooooooooooooooooooooooooooooooooo', 1558185231, '2019-05-18 13:13:51', 0, 19, 1),
(26, 'Title', 'ooooooooooooooooooooooooooooooooooooooo', 1558185231, '2019-05-18 13:13:51', 0, 20, 1),
(27, 'Title', 'ooooooooooooooooooooooooooooooooooooooo', 1558185231, '2019-05-18 13:13:51', 0, 21, 1),
(28, 'Title', 'ooooooooooooooooooooooooooooooooooooooo', 1558185231, '2019-05-18 13:13:51', 0, 22, 1),
(29, 'Title', 'ooooooooooooooooooooooooooooooooooooooo', 1558185231, '2019-05-18 13:13:51', 0, 23, 1),
(30, 'Title', 'ooooooooooooooooooooooooooooooooooooooo', 1558185231, '2019-05-18 13:13:51', 0, 24, 1),
(31, 'Title', 'ooooooooooooooooooooooooooooooooooooooo', 1558185231, '2019-05-18 13:13:51', 0, 25, 1),
(32, 'Title', 'ooooooooooooooooooooooooooooooooooooooo', 1558185231, '2019-05-18 13:13:51', 0, 26, 1),
(33, 'Title', 'ooooooooooooooooooooooooooooooooooooooo', 1558185231, '2019-05-18 13:13:51', 0, 27, 1),
(34, 'Title', 'ooooooooooooooooooooooooooooooooooooooo', 1558185231, '2019-05-18 13:13:51', 0, 28, 1),
(35, 'Title', 'ooooooooooooooooooooooooooooooooooooooo', 1558185231, '2019-05-18 13:13:51', 0, 29, 1),
(36, 'Title', 'ooooooooooooooooooooooooooooooooooooooo', 1558185231, '2019-05-18 13:13:51', 0, 30, 1),
(37, 'Title', 'ooooooooooooooooooooooooooooooooooooooo', 1558185231, '2019-05-18 13:13:51', 0, 31, 1),
(38, 'Title', 'ooooooooooooooooooooooooooooooooooooooo', 1558185231, '2019-05-18 13:13:51', 0, 32, 1),
(39, 'Title', 'ooooooooooooooooooooooooooooooooooooooo', 1558185231, '2019-05-18 13:13:51', 0, 33, 1),
(40, 'Title', 'ooooooooooooooooooooooooooooooooooooooo', 1558185231, '2019-05-18 13:13:51', 0, 34, 1),
(41, 'Title', 'ooooooooooooooooooooooooooooooooooooooo', 1558185231, '2019-05-18 13:13:51', 0, 35, 1),
(42, 'Title', 'ooooooooooooooooooooooooooooooooooooooo', 1558185231, '2019-05-18 13:13:51', 0, 36, 1),
(43, 'Title', 'ooooooooooooooooooooooooooooooooooooooo', 1558185231, '2019-05-18 13:13:51', 0, 37, 1),
(44, 'Title', 'ooooooooooooooooooooooooooooooooooooooo', 1558185231, '2019-05-18 13:13:51', 0, 38, 1),
(45, 'Title', 'ooooooooooooooooooooooooooooooooooooooo', 1558185231, '2019-05-18 13:13:51', 0, 39, 1),
(46, 'Title', 'ooooooooooooooooooooooooooooooooooooooo', 1558185231, '2019-05-18 13:13:51', 0, 41, 1),
(47, 'ข่าวสารกิจกรรมใหม่!!', 'vbvbvbvb', 1558193408, '2019-05-18 15:30:08', 1, 1, 1),
(48, 'ข่าวสารกิจกรรมใหม่!!', 'vbvbvbvb', 1558193408, '2019-05-18 15:30:08', 0, 2, 1),
(49, 'ข่าวสารกิจกรรมใหม่!!', 'vbvbvbvb', 1558193408, '2019-05-18 15:30:08', 0, 3, 1),
(50, 'ข่าวสารกิจกรรมใหม่!!', 'vbvbvbvb', 1558193408, '2019-05-18 15:30:08', 0, 4, 1),
(51, 'ข่าวสารกิจกรรมใหม่!!', 'vbvbvbvb', 1558193408, '2019-05-18 15:30:08', 0, 5, 1),
(52, 'ข่าวสารกิจกรรมใหม่!!', 'vbvbvbvb', 1558193408, '2019-05-18 15:30:08', 0, 6, 1),
(53, 'ข่าวสารกิจกรรมใหม่!!', 'vbvbvbvb', 1558193408, '2019-05-18 15:30:08', 0, 7, 1),
(54, 'ข่าวสารกิจกรรมใหม่!!', 'vbvbvbvb', 1558193408, '2019-05-18 15:30:08', 0, 8, 1),
(55, 'ข่าวสารกิจกรรมใหม่!!', 'vbvbvbvb', 1558193408, '2019-05-18 15:30:08', 0, 9, 1),
(56, 'ข่าวสารกิจกรรมใหม่!!', 'vbvbvbvb', 1558193408, '2019-05-18 15:30:08', 0, 10, 1),
(57, 'ข่าวสารกิจกรรมใหม่!!', 'vbvbvbvb', 1558193408, '2019-05-18 15:30:08', 0, 11, 1),
(58, 'ข่าวสารกิจกรรมใหม่!!', 'vbvbvbvb', 1558193408, '2019-05-18 15:30:08', 0, 13, 1),
(59, 'ข่าวสารกิจกรรมใหม่!!', 'vbvbvbvb', 1558193408, '2019-05-18 15:30:08', 0, 14, 1),
(60, 'ข่าวสารกิจกรรมใหม่!!', 'vbvbvbvb', 1558193408, '2019-05-18 15:30:08', 0, 15, 1),
(61, 'ข่าวสารกิจกรรมใหม่!!', 'vbvbvbvb', 1558193408, '2019-05-18 15:30:08', 0, 16, 1),
(62, 'ข่าวสารกิจกรรมใหม่!!', 'vbvbvbvb', 1558193408, '2019-05-18 15:30:08', 0, 17, 1),
(63, 'ข่าวสารกิจกรรมใหม่!!', 'vbvbvbvb', 1558193408, '2019-05-18 15:30:08', 0, 18, 1),
(64, 'ข่าวสารกิจกรรมใหม่!!', 'vbvbvbvb', 1558193408, '2019-05-18 15:30:08', 0, 19, 1),
(65, 'ข่าวสารกิจกรรมใหม่!!', 'vbvbvbvb', 1558193408, '2019-05-18 15:30:08', 0, 20, 1),
(66, 'ข่าวสารกิจกรรมใหม่!!', 'vbvbvbvb', 1558193408, '2019-05-18 15:30:08', 0, 21, 1),
(67, 'ข่าวสารกิจกรรมใหม่!!', 'vbvbvbvb', 1558193408, '2019-05-18 15:30:08', 0, 22, 1),
(68, 'ข่าวสารกิจกรรมใหม่!!', 'vbvbvbvb', 1558193408, '2019-05-18 15:30:08', 0, 23, 1),
(69, 'ข่าวสารกิจกรรมใหม่!!', 'vbvbvbvb', 1558193408, '2019-05-18 15:30:08', 0, 24, 1),
(70, 'ข่าวสารกิจกรรมใหม่!!', 'vbvbvbvb', 1558193408, '2019-05-18 15:30:08', 0, 25, 1),
(71, 'ข่าวสารกิจกรรมใหม่!!', 'vbvbvbvb', 1558193408, '2019-05-18 15:30:08', 0, 26, 1),
(72, 'ข่าวสารกิจกรรมใหม่!!', 'vbvbvbvb', 1558193408, '2019-05-18 15:30:08', 0, 27, 1),
(73, 'ข่าวสารกิจกรรมใหม่!!', 'vbvbvbvb', 1558193408, '2019-05-18 15:30:08', 0, 28, 1),
(74, 'ข่าวสารกิจกรรมใหม่!!', 'vbvbvbvb', 1558193408, '2019-05-18 15:30:08', 0, 29, 1),
(75, 'ข่าวสารกิจกรรมใหม่!!', 'vbvbvbvb', 1558193408, '2019-05-18 15:30:08', 0, 30, 1),
(76, 'ข่าวสารกิจกรรมใหม่!!', 'vbvbvbvb', 1558193408, '2019-05-18 15:30:08', 0, 31, 1),
(77, 'ข่าวสารกิจกรรมใหม่!!', 'vbvbvbvb', 1558193408, '2019-05-18 15:30:08', 0, 32, 1),
(78, 'ข่าวสารกิจกรรมใหม่!!', 'vbvbvbvb', 1558193408, '2019-05-18 15:30:08', 0, 33, 1),
(79, 'ข่าวสารกิจกรรมใหม่!!', 'vbvbvbvb', 1558193408, '2019-05-18 15:30:08', 0, 34, 1),
(80, 'ข่าวสารกิจกรรมใหม่!!', 'vbvbvbvb', 1558193408, '2019-05-18 15:30:08', 0, 35, 1),
(81, 'ข่าวสารกิจกรรมใหม่!!', 'vbvbvbvb', 1558193408, '2019-05-18 15:30:08', 0, 36, 1),
(82, 'ข่าวสารกิจกรรมใหม่!!', 'vbvbvbvb', 1558193408, '2019-05-18 15:30:08', 0, 37, 1),
(83, 'ข่าวสารกิจกรรมใหม่!!', 'vbvbvbvb', 1558193408, '2019-05-18 15:30:08', 0, 38, 1),
(84, 'ข่าวสารกิจกรรมใหม่!!', 'vbvbvbvb', 1558193408, '2019-05-18 15:30:08', 0, 39, 1),
(85, 'ข่าวสารกิจกรรมใหม่!!', 'vbvbvbvb', 1558193408, '2019-05-18 15:30:08', 0, 41, 1),
(86, 'test01', 'vbvbvbvb', 1558193531, '2019-05-18 15:32:11', 1, 1, 1),
(87, 'test01', 'vbvbvbvb', 1558193531, '2019-05-18 15:32:11', 0, 2, 1),
(88, 'test01', 'vbvbvbvb', 1558193531, '2019-05-18 15:32:11', 0, 3, 1),
(89, 'test01', 'vbvbvbvb', 1558193531, '2019-05-18 15:32:11', 0, 4, 1),
(90, 'test01', 'vbvbvbvb', 1558193531, '2019-05-18 15:32:11', 0, 5, 1),
(91, 'test01', 'vbvbvbvb', 1558193531, '2019-05-18 15:32:11', 0, 6, 1),
(92, 'test01', 'vbvbvbvb', 1558193531, '2019-05-18 15:32:11', 0, 7, 1),
(93, 'test01', 'vbvbvbvb', 1558193531, '2019-05-18 15:32:11', 0, 8, 1),
(94, 'test01', 'vbvbvbvb', 1558193531, '2019-05-18 15:32:11', 0, 9, 1),
(95, 'test01', 'vbvbvbvb', 1558193531, '2019-05-18 15:32:11', 0, 10, 1),
(96, 'test01', 'vbvbvbvb', 1558193531, '2019-05-18 15:32:11', 0, 11, 1),
(97, 'test01', 'vbvbvbvb', 1558193531, '2019-05-18 15:32:11', 0, 13, 1),
(98, 'test01', 'vbvbvbvb', 1558193531, '2019-05-18 15:32:11', 0, 14, 1),
(99, 'test01', 'vbvbvbvb', 1558193531, '2019-05-18 15:32:11', 0, 15, 1),
(100, 'test01', 'vbvbvbvb', 1558193531, '2019-05-18 15:32:11', 0, 16, 1),
(101, 'test01', 'vbvbvbvb', 1558193531, '2019-05-18 15:32:11', 0, 17, 1),
(102, 'test01', 'vbvbvbvb', 1558193531, '2019-05-18 15:32:11', 0, 18, 1),
(103, 'test01', 'vbvbvbvb', 1558193531, '2019-05-18 15:32:11', 0, 19, 1),
(104, 'test01', 'vbvbvbvb', 1558193531, '2019-05-18 15:32:11', 0, 20, 1),
(105, 'test01', 'vbvbvbvb', 1558193531, '2019-05-18 15:32:11', 0, 21, 1),
(106, 'test01', 'vbvbvbvb', 1558193531, '2019-05-18 15:32:11', 0, 22, 1),
(107, 'test01', 'vbvbvbvb', 1558193531, '2019-05-18 15:32:11', 0, 23, 1),
(108, 'test01', 'vbvbvbvb', 1558193531, '2019-05-18 15:32:11', 0, 24, 1),
(109, 'test01', 'vbvbvbvb', 1558193531, '2019-05-18 15:32:11', 0, 25, 1),
(110, 'test01', 'vbvbvbvb', 1558193531, '2019-05-18 15:32:11', 0, 26, 1),
(111, 'test01', 'vbvbvbvb', 1558193531, '2019-05-18 15:32:11', 0, 27, 1),
(112, 'test01', 'vbvbvbvb', 1558193531, '2019-05-18 15:32:11', 0, 28, 1),
(113, 'test01', 'vbvbvbvb', 1558193531, '2019-05-18 15:32:11', 0, 29, 1),
(114, 'test01', 'vbvbvbvb', 1558193531, '2019-05-18 15:32:11', 0, 30, 1),
(115, 'test01', 'vbvbvbvb', 1558193531, '2019-05-18 15:32:11', 0, 31, 1),
(116, 'test01', 'vbvbvbvb', 1558193531, '2019-05-18 15:32:11', 0, 32, 1),
(117, 'test01', 'vbvbvbvb', 1558193531, '2019-05-18 15:32:11', 0, 33, 1),
(118, 'test01', 'vbvbvbvb', 1558193531, '2019-05-18 15:32:11', 0, 34, 1),
(119, 'test01', 'vbvbvbvb', 1558193531, '2019-05-18 15:32:11', 0, 35, 1),
(120, 'test01', 'vbvbvbvb', 1558193531, '2019-05-18 15:32:11', 0, 36, 1),
(121, 'test01', 'vbvbvbvb', 1558193531, '2019-05-18 15:32:11', 0, 37, 1),
(122, 'test01', 'vbvbvbvb', 1558193531, '2019-05-18 15:32:11', 0, 38, 1),
(123, 'test01', 'vbvbvbvb', 1558193531, '2019-05-18 15:32:11', 0, 39, 1),
(124, 'test01', 'vbvbvbvb', 1558193531, '2019-05-18 15:32:11', 0, 41, 1),
(125, 'test01', 'vbvbvbvb', 1558193602, '2019-05-18 15:33:23', 1, 1, 1),
(126, 'test01', 'vbvbvbvb', 1558193602, '2019-05-18 15:33:23', 0, 2, 1),
(127, 'test01', 'vbvbvbvb', 1558193602, '2019-05-18 15:33:23', 0, 3, 1),
(128, 'test01', 'vbvbvbvb', 1558193602, '2019-05-18 15:33:23', 0, 4, 1),
(129, 'test01', 'vbvbvbvb', 1558193602, '2019-05-18 15:33:23', 0, 5, 1),
(130, 'test01', 'vbvbvbvb', 1558193602, '2019-05-18 15:33:23', 0, 6, 1),
(131, 'test01', 'vbvbvbvb', 1558193602, '2019-05-18 15:33:23', 0, 7, 1),
(132, 'test01', 'vbvbvbvb', 1558193602, '2019-05-18 15:33:23', 0, 8, 1),
(133, 'test01', 'vbvbvbvb', 1558193602, '2019-05-18 15:33:23', 0, 9, 1),
(134, 'test01', 'vbvbvbvb', 1558193602, '2019-05-18 15:33:23', 0, 10, 1),
(135, 'test01', 'vbvbvbvb', 1558193602, '2019-05-18 15:33:23', 0, 11, 1),
(136, 'test01', 'vbvbvbvb', 1558193602, '2019-05-18 15:33:23', 0, 13, 1),
(137, 'test01', 'vbvbvbvb', 1558193602, '2019-05-18 15:33:23', 0, 14, 1),
(138, 'test01', 'vbvbvbvb', 1558193602, '2019-05-18 15:33:23', 0, 15, 1),
(139, 'test01', 'vbvbvbvb', 1558193602, '2019-05-18 15:33:23', 0, 16, 1),
(140, 'test01', 'vbvbvbvb', 1558193602, '2019-05-18 15:33:23', 0, 17, 1),
(141, 'test01', 'vbvbvbvb', 1558193602, '2019-05-18 15:33:23', 0, 18, 1),
(142, 'test01', 'vbvbvbvb', 1558193602, '2019-05-18 15:33:23', 0, 19, 1),
(143, 'test01', 'vbvbvbvb', 1558193602, '2019-05-18 15:33:23', 0, 20, 1),
(144, 'test01', 'vbvbvbvb', 1558193602, '2019-05-18 15:33:23', 0, 21, 1),
(145, 'test01', 'vbvbvbvb', 1558193602, '2019-05-18 15:33:23', 0, 22, 1),
(146, 'test01', 'vbvbvbvb', 1558193602, '2019-05-18 15:33:23', 0, 23, 1),
(147, 'test01', 'vbvbvbvb', 1558193602, '2019-05-18 15:33:23', 0, 24, 1),
(148, 'test01', 'vbvbvbvb', 1558193602, '2019-05-18 15:33:23', 0, 25, 1),
(149, 'test01', 'vbvbvbvb', 1558193602, '2019-05-18 15:33:23', 0, 26, 1),
(150, 'test01', 'vbvbvbvb', 1558193602, '2019-05-18 15:33:23', 0, 27, 1),
(151, 'test01', 'vbvbvbvb', 1558193602, '2019-05-18 15:33:23', 0, 28, 1),
(152, 'test01', 'vbvbvbvb', 1558193602, '2019-05-18 15:33:23', 0, 29, 1),
(153, 'test01', 'vbvbvbvb', 1558193602, '2019-05-18 15:33:23', 0, 30, 1),
(154, 'test01', 'vbvbvbvb', 1558193602, '2019-05-18 15:33:23', 0, 31, 1),
(155, 'test01', 'vbvbvbvb', 1558193602, '2019-05-18 15:33:23', 0, 32, 1),
(156, 'test01', 'vbvbvbvb', 1558193602, '2019-05-18 15:33:23', 0, 33, 1),
(157, 'test01', 'vbvbvbvb', 1558193602, '2019-05-18 15:33:23', 0, 34, 1),
(158, 'test01', 'vbvbvbvb', 1558193602, '2019-05-18 15:33:23', 0, 35, 1),
(159, 'test01', 'vbvbvbvb', 1558193602, '2019-05-18 15:33:23', 0, 36, 1),
(160, 'test01', 'vbvbvbvb', 1558193602, '2019-05-18 15:33:23', 0, 37, 1),
(161, 'test01', 'vbvbvbvb', 1558193602, '2019-05-18 15:33:23', 0, 38, 1),
(162, 'test01', 'vbvbvbvb', 1558193602, '2019-05-18 15:33:23', 0, 39, 1),
(163, 'test01', 'vbvbvbvb', 1558193602, '2019-05-18 15:33:23', 0, 41, 1),
(164, 'title', 'detail', 1558250833, '2019-05-19 07:27:14', 1, 1, 1),
(165, 'title', 'detail', 1558250833, '2019-05-19 07:27:14', 0, 2, 1),
(166, 'title', 'detail', 1558250833, '2019-05-19 07:27:14', 0, 3, 1),
(167, 'title', 'detail', 1558250833, '2019-05-19 07:27:14', 0, 4, 1),
(168, 'title', 'detail', 1558250833, '2019-05-19 07:27:14', 0, 5, 1),
(169, 'title', 'detail', 1558250833, '2019-05-19 07:27:14', 0, 6, 1),
(170, 'title', 'detail', 1558250833, '2019-05-19 07:27:14', 0, 7, 1),
(171, 'title', 'detail', 1558250833, '2019-05-19 07:27:14', 0, 8, 1),
(172, 'title', 'detail', 1558250833, '2019-05-19 07:27:14', 0, 9, 1),
(173, 'title', 'detail', 1558250833, '2019-05-19 07:27:14', 0, 10, 1),
(174, 'title', 'detail', 1558250833, '2019-05-19 07:27:14', 0, 11, 1),
(175, 'title', 'detail', 1558250833, '2019-05-19 07:27:14', 0, 13, 1),
(176, 'title', 'detail', 1558250833, '2019-05-19 07:27:14', 0, 14, 1),
(177, 'title', 'detail', 1558250833, '2019-05-19 07:27:14', 0, 15, 1),
(178, 'title', 'detail', 1558250833, '2019-05-19 07:27:14', 0, 16, 1),
(179, 'title', 'detail', 1558250833, '2019-05-19 07:27:14', 0, 17, 1),
(180, 'title', 'detail', 1558250833, '2019-05-19 07:27:14', 0, 18, 1),
(181, 'title', 'detail', 1558250833, '2019-05-19 07:27:14', 0, 19, 1),
(182, 'title', 'detail', 1558250833, '2019-05-19 07:27:14', 0, 20, 1),
(183, 'title', 'detail', 1558250833, '2019-05-19 07:27:14', 0, 21, 1),
(184, 'title', 'detail', 1558250833, '2019-05-19 07:27:14', 0, 22, 1),
(185, 'title', 'detail', 1558250833, '2019-05-19 07:27:14', 0, 23, 1),
(186, 'title', 'detail', 1558250833, '2019-05-19 07:27:14', 0, 24, 1),
(187, 'title', 'detail', 1558250833, '2019-05-19 07:27:14', 0, 25, 1),
(188, 'title', 'detail', 1558250833, '2019-05-19 07:27:14', 0, 26, 1),
(189, 'title', 'detail', 1558250833, '2019-05-19 07:27:14', 0, 27, 1),
(190, 'title', 'detail', 1558250833, '2019-05-19 07:27:14', 0, 28, 1),
(191, 'title', 'detail', 1558250833, '2019-05-19 07:27:14', 0, 29, 1),
(192, 'title', 'detail', 1558250833, '2019-05-19 07:27:14', 0, 30, 1),
(193, 'title', 'detail', 1558250833, '2019-05-19 07:27:14', 0, 31, 1),
(194, 'title', 'detail', 1558250833, '2019-05-19 07:27:14', 0, 32, 1),
(195, 'title', 'detail', 1558250833, '2019-05-19 07:27:14', 0, 33, 1),
(196, 'title', 'detail', 1558250833, '2019-05-19 07:27:14', 0, 34, 1),
(197, 'title', 'detail', 1558250833, '2019-05-19 07:27:14', 0, 35, 1),
(198, 'title', 'detail', 1558250833, '2019-05-19 07:27:14', 0, 36, 1),
(199, 'title', 'detail', 1558250833, '2019-05-19 07:27:14', 0, 37, 1),
(200, 'title', 'detail', 1558250833, '2019-05-19 07:27:14', 0, 38, 1),
(201, 'title', 'detail', 1558250833, '2019-05-19 07:27:14', 0, 39, 1),
(202, 'title', 'detail', 1558250833, '2019-05-19 07:27:14', 0, 41, 1);

-- --------------------------------------------------------

--
-- Table structure for table `notification`
--

CREATE TABLE `notification` (
  `Noti_ID` int(20) NOT NULL,
  `Noti_Status` varchar(50) COLLATE utf8_unicode_ci NOT NULL,
  `Noti_Title` varchar(50) COLLATE utf8_unicode_ci NOT NULL,
  `Noti_Type` varchar(50) COLLATE utf8_unicode_ci NOT NULL,
  `Noti_Date` timestamp NOT NULL DEFAULT current_timestamp() ON UPDATE current_timestamp(),
  `Ad_ID` int(20) NOT NULL,
  `Mem_ID` int(20) NOT NULL
) ENGINE=InnoDB DEFAULT CHARSET=utf8 COLLATE=utf8_unicode_ci;

--
-- Dumping data for table `notification`
--

INSERT INTO `notification` (`Noti_ID`, `Noti_Status`, `Noti_Title`, `Noti_Type`, `Noti_Date`, `Ad_ID`, `Mem_ID`) VALUES
(1, 'wedsf', 'dsfdsfdsfd', 'dsfdsfdsfds', '2019-02-05 18:27:59', 1234, 3332);

-- --------------------------------------------------------

--
-- Table structure for table `q&a`
--

CREATE TABLE `q&a` (
  `Q_ID` int(20) NOT NULL,
  `Q_Ans` text COLLATE utf8_unicode_ci NOT NULL,
  `Q_Ques` varchar(50) COLLATE utf8_unicode_ci NOT NULL,
  `Ad_ID` int(20) NOT NULL
) ENGINE=InnoDB DEFAULT CHARSET=utf8 COLLATE=utf8_unicode_ci;

--
-- Dumping data for table `q&a`
--

INSERT INTO `q&a` (`Q_ID`, `Q_Ans`, `Q_Ques`, `Ad_ID`) VALUES
(1, 'มี', 'มีที่พักให้ไหม?', 0),
(2, 'test', 'test', 0),
(5, '', '', 0),
(6, '', '', 0),
(7, 'a', 'a', 0),
(8, 'wqewq', 'wwqe', 0),
(9, '', '', 0),
(10, 'ไม่มี', 'มีเงินไหม', 0),
(12, 'เราทำงานในเวลา', 'ทำงานวันไหนบ้าง', 0);

-- --------------------------------------------------------

--
-- Table structure for table `quality`
--

CREATE TABLE `quality` (
  `id` int(11) NOT NULL,
  `detail` text COLLATE utf8_unicode_ci NOT NULL
) ENGINE=InnoDB DEFAULT CHARSET=utf8 COLLATE=utf8_unicode_ci;

--
-- Dumping data for table `quality`
--

INSERT INTO `quality` (`id`, `detail`) VALUES
(1, 'สำเร็จการศึกษาวุฒิ ม.3 , ม.6 หรือเทียบเท่า'),
(2, 'มีอายุตั้งแต่ 15-20 ปี'),
(3, 'ส่วนสูงตั้งแต่ 150 ซม.ขึ้นไป'),
(4, 'สุขภาพร่างกายแข็งแรง'),
(5, 'มีความอดทน'),
(6, 'มีความเป็นผู้นำสูง'),
(7, 'รักงานบริการ');

-- --------------------------------------------------------

--
-- Table structure for table `schedule`
--

CREATE TABLE `schedule` (
  `id` int(11) NOT NULL,
  `titie` varchar(255) COLLATE utf8mb4_unicode_ci NOT NULL,
  `detail` text COLLATE utf8mb4_unicode_ci NOT NULL,
  `date_time` text COLLATE utf8mb4_unicode_ci NOT NULL,
  `owner` int(1) NOT NULL DEFAULT 0,
  `event_id` int(11) DEFAULT NULL
) ENGINE=InnoDB DEFAULT CHARSET=utf8mb4 COLLATE=utf8mb4_unicode_ci;

--
-- Dumping data for table `schedule`
--

INSERT INTO `schedule` (`id`, `titie`, `detail`, `date_time`, `owner`, `event_id`) VALUES
(9, 'Title', 'ooooooooooooooooooooooooooooooooooooooo', '20:10 05/01/2019', 0, 1558185060),
(10, 'Title', 'ooooooooooooooooooooooooooooooooooooooo', '20:10 05/01/2019', 0, 1558185231),
(11, 'test01', 'vbvbvbvb', '22:15 05/01/2019', 0, 1558193408),
(12, 'test01', 'vbvbvbvb', '22:15 05/01/2019', 0, 1558193531),
(13, 'test01', 'vbvbvbvb', '22:15 05/01/2019', 0, 1558193602),
(14, 'title', 'detail', '14:15 05/02/2019', 0, 1558250833);

-- --------------------------------------------------------

--
-- Table structure for table `schoolcontact`
--

CREATE TABLE `schoolcontact` (
  `id` int(11) NOT NULL,
  `school` text CHARACTER SET utf8 COLLATE utf8_unicode_ci NOT NULL,
  `province` text CHARACTER SET utf8 COLLATE utf8_unicode_ci NOT NULL,
  `image` text CHARACTER SET utf8 COLLATE utf8_unicode_ci NOT NULL
) ENGINE=InnoDB DEFAULT CHARSET=latin1;

--
-- Dumping data for table `schoolcontact`
--

INSERT INTO `schoolcontact` (`id`, `school`, `province`, `image`) VALUES
(1, 'วิทยาลัยการอาชีพกาญจนาภิเษกหนองจอก', 'กรุงเทพมหานคร', ''),
(2, 'วิทยาลัยพาณิชยการบางนา', 'กรุงเทพมหานคร', ''),
(3, 'วิทยาลัยเทคนิคธัญบุรี', 'ปทุมธานี', ''),
(4, 'วิทยาลัยเทคนิคปทุมธานี', 'ปทุมธานี', ''),
(5, 'วิทยาลัยเทคนิคสมุทรสงคราม', 'สมุทรสงคราม', ''),
(6, 'วิทยาลัยเทคนิคสมุทรปราการ', 'สมุทรปราการ', ''),
(7, 'วิทยาลัยอาชีวศึกษานครปฐม', 'นครปฐม', ''),
(8, 'วิทยาลัยอาชีวศึกษานครสวรรค์', 'นครสวรรค์', ''),
(9, 'วิทยาลัยอาชีวศึกษาพระนครศรีอยุธยา', 'พระนครศรีอยุธยา', ''),
(10, 'วิทยาลัยเทคนิคราชบุรี', 'ราชบุรี', ''),
(11, 'วิทยาลัยอาชีวศึกษาสิงห์บุรี', 'สิงห์บุรี', ''),
(12, 'วิทยาลัยเทคนิคมวกเหล็ก', 'สระบุรี', ''),
(13, 'วิทยาลัยสารพัดช่างพิจิตร', 'พิจิตร', ''),
(14, 'วิทยาลัยการอาชีพโพธิ์ทอง', 'อ่างทอง', ''),
(15, 'วิทยาลัยการอาชีพบางปะกง', 'ฉะเชิงเทรา', ''),
(16, 'วิทยาลัยอาชีวศึกษาฉะเชิงเทรา', 'ฉะเชิงเทรา', ''),
(17, 'วิทยาลัยอาชึวศึกษาชลบุรี', 'ชลบุรี', ''),
(18, 'วิทยาลัยเทคนิคพัทยา', 'ชลบุรี', ''),
(19, 'วิทยาลัยการอาชีพวังน้ำเย็น', 'สระแก้ว', ''),
(20, 'วิทยาลัยเทคนิคระยอง', 'ระยอง', ''),
(21, 'วิทยาลัยสารพัดช่างตราด', 'ตราด', ''),
(22, 'วิทยาลัยอาชีวศึกษาอุตรดิตถ์', 'อุตรดิตถ์', ''),
(23, 'วิทยาลัยการอาชีพเวียงสา', 'น่าน', ''),
(24, 'วิทยาลัยอาชีวศึกษาอุดรธานี', 'อุดรธานี', ''),
(25, 'วิทยาลัยเทคโนโลยีและอุตสาหกรรมการต่อเรือหนองคาย', 'หนองคาย', ''),
(26, 'วิทยาลัยการอาชีพชุมแพ', 'ขอนแก่น', ''),
(27, 'วิทยาลัยการอาชีพเขมราฐ', 'อุบลราชธานี', ''),
(28, 'วิทยาลัยการอาชีพศีขรภูมิ', 'สุรินทร์', ''),
(29, 'วิทยาลัยอาชีวศึกษาอุบลราชธานี', 'อุบลราชธานี', ''),
(30, 'วิทยาลัยเทคนิคสกลนคร', 'สกลนคร', ''),
(31, 'วิทยาลัยอาชีวศึกษาขอบแก่น', 'ขอบแก่น', ''),
(32, 'วิทยาลัยอาชีวศึกษามหาสารคาม', 'มหาสารคาม', ''),
(33, 'วิทยาลัยอาชีวศึกษาชุมพร', 'ชุมพร', ''),
(34, 'วิทยาลัยอาชีวศึกษานครศรีธรรมราช', 'นครศรีธรรมราช', ''),
(35, 'วิทยาลัยเทคนิคพังงา', 'พังงา', ''),
(36, 'วิทยาลัยการอาชีพควนขนุน', 'พัทลุง', ''),
(37, 'วิทยาลัยอาชีวศึกษาเพชรบุรี', 'เพชรบุรี', ''),
(38, 'วิทยาลัยอาชีวศึกษาภูเก็ต', 'ภูเก็ต', ''),
(39, 'วิทยาลัยอาชีวศึกษายะลา', 'ยะลา', ''),
(40, 'วิทยาลัยเทคนิคประจวบคีรีขันธ์', 'ประจวบคีรีขันธ์', ''),
(41, 'วิทยาลัยการอาชีพวังไกลกังวล', 'ประจวบคีรีขันธ์', ''),
(42, 'วิทยาลัยเทคนิคพัทลุง', 'พัทลุง', ''),
(43, 'วิทยาลัยสารพัดช่างกระบี่', 'กระบี่', ''),
(44, 'วิทยาลัยการอาชีพกันตัง', 'ตรัง', '');

-- --------------------------------------------------------

--
-- Table structure for table `search`
--

CREATE TABLE `search` (
  `id` int(11) NOT NULL,
  `keyword` text COLLATE utf8_unicode_ci NOT NULL,
  `page` text COLLATE utf8_unicode_ci NOT NULL
) ENGINE=InnoDB DEFAULT CHARSET=utf8 COLLATE=utf8_unicode_ci;

--
-- Dumping data for table `search`
--

INSERT INTO `search` (`id`, `keyword`, `page`) VALUES
(1, 'ซ\r\n', 'http://localhost/Web/BackDoor/HCP-ALL5.php'),
(2, 'ซี\r\n', 'http://localhost/Web/BackDoor/HCP-ALL5.php'),
(3, 'ซีพี\r\n', 'http://localhost/Web/BackDoor/HCP-ALL5.php'),
(4, 'ซีพีออลล์\r\n', 'http://localhost/Web/BackDoor/HCP-ALL5.php'),
(5, 'ซีพี ออลล์\r\n', 'http://localhost/Web/BackDoor/HCP-ALL5.php'),
(6, 'ซีพี ออล\r\n', 'http://localhost/Web/BackDoor/HCP-ALL5.php'),
(7, 'c\r\n', 'http://localhost/Web/BackDoor/HCP-ALL5.php'),
(8, 'cp\r\n', 'http://localhost/Web/BackDoor/HCP-ALL5.php'),
(9, 'cpall\r\n', 'http://localhost/Web/BackDoor/HCP-ALL5.php'),
(10, 'cp-all\r\n', 'http://localhost/Web/BackDoor/HCP-ALL5.php'),
(11, 'cp all\r\n', 'http://localhost/Web/BackDoor/HCP-ALL5.php'),
(12, 'C\r\n', 'http://localhost/Web/BackDoor/HCP-ALL5.php'),
(13, 'CP\r\n', 'http://localhost/Web/BackDoor/HCP-ALL5.php'),
(14, 'CPALL\r\n', 'http://localhost/Web/BackDoor/HCP-ALL5.php'),
(15, 'CP-ALL\r\n', 'http://localhost/Web/BackDoor/HCP-ALL5.php'),
(16, 'CP - ALL\r\n', 'http://localhost/Web/BackDoor/HCP-ALL5.php'),
(17, 'Cp-all\r\n', 'http://localhost/Web/BackDoor/HCP-ALL5.php'),
(18, 'Cp\r\n', 'http://localhost/Web/BackDoor/HCP-ALL5.php'),
(19, 'Cp - all\r\n', 'http://localhost/Web/BackDoor/HCP-ALL5.php'),
(20, 'Cp - All\r\n', 'http://localhost/Web/BackDoor/HCP-ALL5.php'),
(21, 'Cpall\r\n', 'http://localhost/Web/BackDoor/HCP-ALL5.php'),
(22, 'Cp-All\r\n', 'http://localhost/Web/BackDoor/HCP-ALL5.php'),
(23, 'Cp-all\r\n', 'http://localhost/Web/BackDoor/HCP-ALL5.php'),
(24, 'CpAll\r\n', 'http://localhost/Web/BackDoor/HCP-ALL5.php'),
(25, 'เกี่ยวกับ\r\n', 'http://localhost/Web/BackDoor/About.php'),
(26, 'เกี่ยว\r\n', 'http://localhost/Web/BackDoor/About.php'),
(27, 'About\r\n', 'http://localhost/Web/BackDoor/About.php'),
(28, 'ABOUT\r\n', 'http://localhost/Web/BackDoor/About.php'),
(29, 'about\r\n', 'http://localhost/Web/BackDoor/About.php'),
(30, 'A\r\n', 'http://localhost/Web/BackDoor/About.php'),
(31, 'bout\r\n', 'http://localhost/Web/BackDoor/About.php'),
(32, 'Bout\r\n', 'http://localhost/Web/BackDoor/About.php'),
(33, 'BOUT\r\n', 'http://localhost/Web/BackDoor/About.php'),
(34, 'course\r\n', 'http://localhost/Web/BackDoor/course.php'),
(35, 'COURSE\r\n', 'http://localhost/Web/BackDoor/course.php'),
(36, 'c\r\n', 'http://localhost/Web/BackDoor/course.php'),
(37, 'C\r\n', 'http://localhost/Web/BackDoor/course.php'),
(38, 'การเรียน\r\n', 'http://localhost/Web/BackDoor/course.php'),
(39, 'คอส\r\n', 'http://localhost/Web/BackDoor/course.php'),
(40, 'ครอส\r\n', 'http://localhost/Web/BackDoor/course.php'),
(41, 'การเรียนการสอน\r\n', 'http://localhost/Web/BackDoor/course.php'),
(42, 'รูปแบบ\r\n', 'http://localhost/Web/BackDoor/course.php'),
(43, 'รูปแบบการเรียน\r\n', 'http://localhost/Web/BackDoor/course.php'),
(44, 'รูปแบบการเรียนการสอน\r\n', 'http://localhost/Web/BackDoor/course.php'),
(45, 'Ad\r\n', 'http://localhost/Web/BackDoor/adventage.php'),
(46, 'Advantage\r\n', 'http://localhost/Web/BackDoor/adventage.php'),
(47, 'Advan\r\n', 'http://localhost/Web/BackDoor/adventage.php'),
(48, 'ad\r\n', 'http://localhost/Web/BackDoor/adventage.php'),
(49, 'advantage\r\n', 'http://localhost/Web/BackDoor/adventage.php'),
(50, 'advan\r\n', 'http://localhost/Web/BackDoor/adventage.php'),
(51, 'ประโยชน์\r\n', 'http://localhost/Web/BackDoor/adventage.php'),
(52, 'ประโยช\r\n', 'http://localhost/Web/BackDoor/adventage.php'),
(53, 'สิทธิประโยชน์', 'http://localhost/Web/BackDoor/adventage.php'),
(54, 'สิทธิประโยช\r\n', 'http://localhost/Web/BackDoor/adventage.php'),
(55, 'สิท\r\n', 'http://localhost/Web/BackDoor/adventage.php'),
(56, 'สิ\r\n', 'http://localhost/Web/BackDoor/adventage.php'),
(57, 'Q\r\n', 'http://localhost/Web/BackDoor/quality.php'),
(58, 'Qua\r\n', 'http://localhost/Web/BackDoor/quality.php'),
(59, 'Quality\r\n', 'http://localhost/Web/BackDoor/quality.php'),
(60, 'QUALITY\r\n', 'http://localhost/Web/BackDoor/quality.php'),
(61, 'quality\r\n', 'http://localhost/Web/BackDoor/quality.php'),
(62, 'qua\r\n', 'http://localhost/Web/BackDoor/quality.php'),
(63, 'q\r\n', 'http://localhost/Web/BackDoor/quality.php'),
(64, 'คุณสมบัติ\r\n', 'http://localhost/Web/BackDoor/quality.php'),
(65, 'คุณ\r\n', 'http://localhost/Web/BackDoor/quality.php'),
(66, 'Call\r\n', 'http://localhost/Web/BackDoor/callus.php'),
(67, 'Callus\r\n', 'http://localhost/Web/BackDoor/callus.php'),
(68, 'Call us\r\n', 'http://localhost/Web/BackDoor/callus.php'),
(69, 'CALL\r\n', 'http://localhost/Web/BackDoor/callus.php'),
(70, 'CALL US\r\n', 'http://localhost/Web/BackDoor/callus.php'),
(71, 'CALLUS\r\n', 'http://localhost/Web/BackDoor/callus.php'),
(72, 'CON\r\n', 'http://localhost/Web/BackDoor/callus.php'),
(73, 'CONTACT\r\n', 'http://localhost/Web/BackDoor/callus.php'),
(74, 'Contact\r\n', 'http://localhost/Web/BackDoor/callus.php'),
(75, 'contact\r\n', 'http://localhost/Web/BackDoor/callus.php'),
(76, 'ติด\r\n', 'http://localhost/Web/BackDoor/callus.php'),
(77, 'ติดต่อ\r\n', 'http://localhost/Web/BackDoor/callus.php'),
(78, 'ติดต่อเรา\r\n', 'http://localhost/Web/BackDoor/callus.php'),
(79, 'G', 'http://localhost/Web/BackDoor/gallery5.php'),
(80, 'GALL', 'http://localhost/Web/BackDoor/gallery5.php'),
(81, 'GALLERY\r\n', 'http://localhost/Web/BackDoor/gallery5.php'),
(82, 'Gall\r\n', 'http://localhost/Web/BackDoor/gallery5.php'),
(83, 'Gallery\r\n', 'http://localhost/Web/BackDoor/gallery5.php'),
(84, 'gall\r\n', 'http://localhost/Web/BackDoor/gallery5.php'),
(85, 'gallery\r\n', 'http://localhost/Web/BackDoor/gallery5.php'),
(86, 'รูป\r\n', 'http://localhost/Web/BackDoor/gallery5.php'),
(87, 'รูปภาพ\r\n', 'http://localhost/Web/BackDoor/gallery5.php'),
(88, 'V\r\n', 'http://localhost/Web/BackDoor/HCP-ALL5.php'),
(89, 'VEC\r\n', 'http://localhost/Web/BackDoor/HCP-ALL5.php'),
(90, 'Vec\r\n', 'http://localhost/Web/BackDoor/HCP-ALL5.php'),
(91, 'vec\r\n', 'http://localhost/Web/BackDoor/HCP-ALL5.php'),
(92, 'ส\r\n', 'http://localhost/Web/BackDoor/HCP-ALL5.php'),
(93, 'สอศ\r\n', 'http://localhost/Web/BackDoor/HCP-ALL5.php'),
(94, 'D\r\n', 'http://localhost/Web/BackDoor/HCP-ALL5.php'),
(95, 'DVE\r\n', 'http://localhost/Web/BackDoor/HCP-ALL5.php'),
(96, 'Dve\r\n', 'http://localhost/Web/BackDoor/HCP-ALL5.php'),
(97, 'dve\r\n', 'http://localhost/Web/BackDoor/HCP-ALL5.php'),
(98, 'ทวิ\r\n', 'http://localhost/Web/BackDoor/HCP-ALL5.php'),
(99, 'ทวิภาคี\r\n', 'http://localhost/Web/BackDoor/HCP-ALL5.php'),
(100, 'ท\r\n', 'http://localhost/Web/BackDoor/HCP-ALL5.php'),
(101, 'S\r\n', 'http://localhost/Web/BackDoor/schoolcontact5.php'),
(102, 'SCHOOL\r\n', 'http://localhost/Web/BackDoor/schoolcontact5.php'),
(103, 'School\r\n', 'http://localhost/Web/BackDoor/schoolcontact5.php'),
(104, 'school\r\n', 'http://localhost/Web/BackDoor/schoolcontact5.php'),
(105, 'school contact\r\n', 'http://localhost/Web/BackDoor/schoolcontact5.php'),
(106, 'School Contact\r\n', 'http://localhost/Web/BackDoor/schoolcontact5.php'),
(107, 'SCHOOL CONTACT\r\n', 'http://localhost/Web/BackDoor/schoolcontact5.php'),
(108, 'โรงเรียน\r\n', 'http://localhost/Web/BackDoor/schoolcontact5.php'),
(109, 'วิทยาลัย\r\n', 'http://localhost/Web/BackDoor/schoolcontact5.php'),
(110, 'โรงเรียนที่เข้าร่วม\r\n', 'http://localhost/Web/BackDoor/schoolcontact5.php'),
(111, 'วิทยาลัยที่เข้าร่วม\r\n', 'http://localhost/Web/BackDoor/schoolcontact5.php'),
(112, 'No\r\n', 'http://localhost/Web/BackDoor/notification.php'),
(113, 'Noti\r\n', 'http://localhost/Web/BackDoor/notification.php'),
(114, 'Notification\r\n', 'http://localhost/Web/BackDoor/notification.php'),
(115, 'NO\r\n', 'http://localhost/Web/BackDoor/notification.php'),
(116, 'N\r\n', 'http://localhost/Web/BackDoor/notification.php'),
(117, 'NOTI\r\n', 'http://localhost/Web/BackDoor/notification.php'),
(118, 'NOTIFICATION\r\n', 'http://localhost/Web/BackDoor/notification.php'),
(119, 'no\r\n', 'http://localhost/Web/BackDoor/notification.php\r\n'),
(120, 'noti\r\n', 'http://localhost/Web/BackDoor/notification.php'),
(121, 'notification\r\n', 'http://localhost/Web/BackDoor/notification.php'),
(122, 'แจ้ง\r\n', 'http://localhost/Web/BackDoor/notification.php'),
(123, 'แจ้งเตือน\r\n', 'http://localhost/Web/BackDoor/notification.php');

-- --------------------------------------------------------

--
-- Table structure for table `vec`
--

CREATE TABLE `vec` (
  `id` int(11) NOT NULL,
  `years` varchar(250) COLLATE utf8_unicode_ci NOT NULL,
  `title` text COLLATE utf8_unicode_ci NOT NULL,
  `detail` text COLLATE utf8_unicode_ci NOT NULL
) ENGINE=InnoDB DEFAULT CHARSET=utf8 COLLATE=utf8_unicode_ci;

--
-- Dumping data for table `vec`
--

INSERT INTO `vec` (`id`, `years`, `title`, `detail`) VALUES
(1, 'เริ่มต้น', 'เริ่มต้น', 'แนวคิดการจัดการศึกษา อาชีพได้มีมาตั้งแต่ยุคสมัยที่ประเทศไทยเริ่มมีอาชีพหัตกรรมมากขึ้นนอกเหนือไปจากอาชีพ กสิกรรมการ อาชีวศึกษา เริ่มอย่างเป็นระบบเมื่อได้รับการบรรจุในโครงการศึกษา พ.ศ. 2441 เป็นการศึกษาพิเศษซึ่งหมายถึง การเรียนวิชา เฉพาะ เพื่อให้เกิด ความชำนาญ โดยในปี พ.ศ.2452 การจัดการศึกษา ได้แบ่งออกเป็น 2 ประเภทคือ โรงเรียน สามัญศึกษา สอนวิชา สามัญ และโรงเรียน วิสามัญศึกษาสอนวิชาเพื่อออกไปประกอบอาชีพ เช่น แพทย์ ผดุงครรภ์ ภาษาอังกฤษ พาณิชยการ ครู เป็นต้น ในปี พ.ศ.2453 ได้จัดตั้ง โรงเรียนอาชีวศึกษาแห่งแรก คือ โรงเรียนพาณิชยการที่วัดมหาพฤฒาราม และวัดราชบูรณะ ปี พ.ศ. 2456 จัดตั้งโรงเรียน เพาะช่าง และปี พ.ศ.2460 จัดตั้งโรงเรียนฝึกหัดครูประถมกสิกรรม แผนการศึกษาแห่งชาติ ได้มีผลต่อการกำหนดการศึกษาอาชีพให้ชัดเจนยิ่งขึ้น โดยในแผนการศึกษาแห่งชาติ พ.ศ. 2475 ได้กำหนดว่าวิสามัญศึกษา ได้แก่ การศึกษาวิชาชีพซึ่งจัดให้เหมาะสมกับภูมิประเทศ เช่น กสิกรรม หัตถกรรม และพาณิชยการ เพื่อเป็นพื้นฐานความรู้สำหรับประกอบการเกษตรกรรมและ อุตสาหกรรม ต่าง ๆ และในแผนการศึกษาแห่งชาติ พ.ศ.2479 ได้ ปรากฏคำว่า \"อาชีวศึกษา\" เป็นครั้งแรกในระบบการศึกษาของประเทศไทย โดยแบ่งออกเป็น 3 ชั้น คือ อาชีวศึกษา ชั้นต้น กลาง และสูง รับนักเรียนจากโรงเรียนสามัญศึกษาของทุกระดับประโยค'),
(2, 'พ.ศ.2481', 'ปี พ.ศ. 2481 พระราชกฤษฏีกาจัดวางระเบียบราชการในสังกัดกระทรวงธรรมการ', '(กระทรวงศึกษาธิการในปัจจุบัน)ให้จัดตั้งกรมใหม่ขึ้น 2 กรม คือ 1.กรมสามัญศึกษา มีหน้าที่จัดการศึกษาสายสามัญ 2.กรมวิชาการ มีหน้าที่จัดการศึกษาสายอาชีพ โดยแบ่งออกเป็น 4 กอง: 1.สำนักงานเลขานุการกรม, 2.กองตำรา, 3.กองสอบไล่, 4.กองอาชีวศึกษา ซึ่งกองอาชีวศึกษามีหน้าที่เกี่ยวกับการจัดโรงเรียนอาชีวศึกษา'),
(3, 'พ.ศ.2484', 'ปี พ.ศ. 2484 ได้มีพระราชบัญญัติปรับปรุงกระทรวง ทบวง กรม พุทธศักราช 2484', 'งตราขึ้นเมื่อวันที่ 18 สิงหาคม 2484 และมีผลบังคับใช้ตั้งแต่วันประกาศในราชกิจจานุเบกษา คือ วันที่ 19 สิงหาคม 2484 กระทรวงธรรมการได้เปลี่ยนชื่อเป็น กระทรวงศึกษาธิการ และตั้งกรมอาชีวศึกษาขึ้นแทนกรมวิชาการ ส่วนกองวิชาการเป็นกอง ๆ หนึ่งในกรมอาชีวศึกษา ดังนั้น กรมอาชีวศึกษา จึงได้ตั้งขึ้นตามพระราชบัญญัติ เมื่อวันที่ 19 สิงหาคม 2484 การแบ่งส่วนราชการออกเป็น 3 \r\nส่วน คือ 1.สำนักงานเลขานุการกรม 2.กองโรงเรียน ทำหน้าที่รับผิดชอบการดำเนินการโรงเรียนอาชีวศึกษา 3.กองวิชาการ ทำหน้าที่เกี่ยวกับหลักสูตรแบบเรียน ทะเบียน การสอบไล่ และการออกประกาศนียบัตร ช่วงระหว่างมหาสงครามเอเซียบูรพา การอาชีวศึกษาได้รับผลกระทบจากภัยสงคราม ก่อให้เกิดการขาดแคลนอุปกรณ์ การสอน นักเรียนต้องหลบภัย จำนวนครูและนักเรียนน้อยลง จนกระทั่งภาวะสงครามสงบลง รัฐบาลได้จัดสรรงบประมาณเพิ่มขึ้น โดยในแผนการศึกษาแห่งชาติ พ.ศ.2494 การอาชีวศึกษาได้ถูกแบ่งออกเป็น 3 ระดับ คือ มัธยมศึกษาตอนต้น มัธยมศึกษา ตอนปลาย และมัธยมอาชีวศึกษาชั้นสูง โดยในแต่ละระดับกำหนดเวลา เรียนไม่เกิน 3 ปี'),
(4, 'พ.ศ.2495', 'ปี พ.ศ. 2495 ได้มีพระราชกฤษฏีการจัดวางระเบียบราชการในกรมอาชีวศึกษา แบ่งส่วนราชการออกเป็น 7 กอง คือ', '1.สำนักงานเลขานุการกรม, 2.กองโรงเรียนการช่าง, 3.กองโรงเรียนพาณิชย์และอุสาหกรรม ,4.กองโรงเรียนเกษตรกรรม, 5.กองวิทยาลัยเทคนิค, 6.กองส่งเสริมอาชีพ และ, 7.กองออกแบบและก่อสร้าง\r\nนอกจากนี้ ในปี พ.ศ.ดังกล่าวได้ริเริ่มจัดตั้งวิทยาลัยเทคนิคหลัก 4 แห่งทั่วประเทศ คือ วิทยาลัยเทคนิคกรุงเทพ (2495) วิทยาลัยเทคนิคภาคใต้ - สงขลา (2497) วิทยาลัยเทคนิคภาคตะวันออกเฉียงเหนือ-นครราชสีมา (2499) และวิทยาลัยเทคนิคภาคเหนือ- เชียงใหม่(2500)'),
(5, 'พ.ศ.2499', 'ปี พ.ศ. 2499 การอาชีวศึกษาได้ถูกพัฒนาขึ้นเป็นลำดับ', 'โดยโรงเรียนที่เปิดสอนในระดับมัธยมอาชีวศึกษา ตอนปลาย หลายแห่ง ได้รับอนุมัติให้เปิดสอนในระดับอาชีวศึกษาชั้นสูง และโรงเรียนอาชีวศึกษาชั้นสูงเฉพาะวิชาอีกหลายแห่ง ได้จัดตั้งขึ้น เพื่อรับนักเรียน ที่จบมัธยมศึกษาปีที่ 6 สายสามัญเข้าศึกษาต่อ'),
(6, 'พ.ศ.2501', 'ปี พ.ศ. 2501 กรมอาชีวศึกษาได้รับความช่วยเหลือจากองค์การ SEATO', 'โดยมหาวิทยาลัยฮาวาย ในการปรับปรุง หลักสูตรตามโครงการฝึกช่างฝีมือ และฝึกกอบรมครูวิชาช่างก่อสร้าง ช่างยนต์ ช่างไฟฟ้า ช่างวิทยุ และช่างเชื่อมโลหะ โดยมีโรงเรียน การช่าง 18 แห่ง เข้าร่วมโครงการ ในระยะแรกแผนการศึกษาแห่งชาติ พ.ศ.2503 จำนวนนักเรียนอาชีวศึกษาระดับมัธยมศึกษาตอนต้น ปีที่ 1-3 มีจำนวน ลดลง แต่ในระดับมัธยมศึกษาตอนปลายปีที่ 4 จำนวนนักเรียนในประเภทช่างอุตสาหกรรมมีจำนวนเพิ่มมากขึ้น จนกระทั่งต้องเปิด การเรียนการสอนใน 2 ผลัด'),
(7, 'พ.ศ.2508', 'ปี พ.ศ. 2508 กรมอาชีวศึกษาได้รับความช่วยเหลือจากรัฐบาลสหพันธ์สาธารณรัฐเยอรมัน', 'ในการก่อตั้งวิทยาลัยเทคนิค ขอนแก่น โดยมหาวิทยาลัยฮาวาย ในการปรับปรุง หลักสูตรตามโครงการฝึกช่างฝีมือ และฝึกกอบรมครูวิชาช่างก่อสร้าง ช่างยนต์ ช่างไฟฟ้า ช่างวิทยุ และช่างเชื่อมโลหะ โดยมีโรงเรียน การช่าง 18 แห่ง เข้าร่วมโครงการ ในระยะแรกแผนการศึกษาแห่งชาติ พ.ศ.2503 จำนวนนักเรียนอาชีวศึกษาระดับมัธยมศึกษาตอนต้น ปีที่ 1-3 มีจำนวน ลดลง แต่ในระดับมัธยมศึกษาตอนปลายปีที่ 4 จำนวนนักเรียนในประเภทช่างอุตสาหกรรมมีจำนวนเพิ่มมากขึ้น จนกระทั่งต้องเปิด การเรียนการสอนใน 2 ผลัด'),
(8, 'พ.ศ.2509', 'ปีพ.ศ.2509', 'พ.ศ. 2509 ได้รับความช่วยเหลือจากองค์การยูนิเซฟในการปรับปรุงโรงเรียนการช่างสตรี จำนวน 35 แห่ง ทั้งในด้านหลักสูตร การเรียนการสอนและครุภัณฑ์ โดยเฉพาะ'),
(9, 'พ.ศ.2510', 'ปี พ.ศ. 2510 กรมอาชีวศึกษาได้มีหน่วยงานโครงการเงินกู้ธนาคารโลกเพื่อพัฒนาอาชีวศึกษา', 'มีหน้าที่ประ สานงานระหว่างโรงเรียนในโครงการประเภทวิชาช่างอุตสาหกรรมและเกษตรกรรม รวม 25 แห่งกับกรมอาชีวศึกษา และกระทรวงศึกษาธิการ'),
(10, 'พ.ศ.2512', 'ปี พ.ศ. 2512 ได้รับความช่วยเหลือจากประเทศออสเตรีย', 'ในการจัดตั้งโรงเรียนเทคนิคสัตหีบ จังหวัดชลบุรี สถานศึกษาหลายแห่งได้รับการพัฒนาและเปิดสอนจนถึงระดับ ปวส. โดยในปี พ.ศ.2512 ได้รับการยกฐานะจาก โรงเรียนเป็น วิทยาลัย ซึ่งแห่งแรกคือวิทยาลัยพณิชยการพระนคร จนถึงปี พ.ศ.2522 กรมอาชีวศึกษามีวิทยาลัยอยู่ในสังกัด จำนวน 90 แห่ง ในจำนวนสถานศึกษาทั้งสิ้น 159 แห่ง'),
(11, 'พ.ศ.2513', 'ปี พ.ศ. 2513 รวมโรงเรียนการช่างสตรีและโรงเรียนการช่าง 4 จังหวัด', 'คือ อ่างทอง ราชบุรี บุรีรัมย์ และพัทลุง ปี พ.ศ.2514 ได้มีพระราชบัญญัติจัดตั้งสถาบันเทคโนโลยีพระจอมเกล้า โดยรวมวิทยาลัยเทคนิคธนบุรี วิทยาลัย เทคนิค พระนครเหนือ วิทยาลัยโทรคมนาคม และวิทยาลัยช่างก่อสร้างในสังกัดกรมอาชีวศึกษาไปรวมเป็นสถาบัน และเปิดสอน ถึงระดับ ปริญญาตรี ประกาศคณะปฏิวัติฉบับที่ 217 พ.ศ. 2515 ให้โอนโรงเรียนฝึกฝนอาชีพเคลื่อนที่ 36 แห่ง ของกรมอาชีวศึกษาไป กรมสามัญ'),
(13, '', 'test123', 'test');

-- --------------------------------------------------------

--
-- Table structure for table `vec_dev`
--

CREATE TABLE `vec_dev` (
  `id` int(11) NOT NULL,
  `years` text COLLATE utf8_bin NOT NULL,
  `title` text COLLATE utf8_bin NOT NULL,
  `detail` text COLLATE utf8_bin NOT NULL
) ENGINE=InnoDB DEFAULT CHARSET=utf8 COLLATE=utf8_bin;

--
-- Dumping data for table `vec_dev`
--

INSERT INTO `vec_dev` (`id`, `years`, `title`, `detail`) VALUES
(1, 'ประกาศคณะปฏิวัติ', 'ประกาศคณะปฏิวัติฉบับที่ 172 พ.ศ.2515', 'ได้แบ่งส่วนราชการในสังกัดกรมอาชีวศึกษาออกเป็น 9 กอง คือ 1. สำนักงานเลขานุการกรม, 2. กองวิทยาลัย,3. กองโรงเรียน, 4. กองแผนงาน, 5. กองการเจ้าหน้าที่, 6. กองคลัง, 7. กองออกแบบและก่อสร้าง, 8. กองบริการเครื่องจักรกล, 9. หน่วยศึกษานิเทศก์'),
(2, 'ปีพ.ศ.2516-2520', 'มีโครงการเงินกู้ ADB เพื่อพัฒนาวิทยาลัยเทคนิค 4 แห่ง', '(กรุงเทพ สงขลา เชียงใหม่ และ นครราชสีมา)ปรับปรุงเครื่องมืออุปกรณ์ พัฒนาครู และอาคารสถานที่ใน 6 สาขาวิชา คือ อิเล็กทรอนิกส์ ไฟฟ้า ก่อสร้าง เครื่องกล เทคนิคโลหะ และช่างยนต์'),
(3, 'ปีพ.ศ.2518', 'ได้มีพระราชบัญญัติจัดตั้งวิทยาลัยเทคโนโลยีและอาชีวศึกษาขึ้นโดยแยกวิทยาลัย 28 แห่ง', 'ออกจาก กรมอาชีวศึกษา เปิดสอนถึงระดับปริญญาตรี และได้โอนศูนย์ฝึกต่อเรือหนองคายของสำนักงานพลังงานแห่งชาติมาอยู่ในสังกัด กรมอาชีวศึกษา โดยเปลี่ยนชื่อเป็นโรงเรียนอุตสาหกรรมต่อเรือหนองคาย'),
(4, 'ปีพ.ศ.2519', 'ปี พ.ศ.2519 รวมโรงเรียนเทคนิค', 'โรงเรียนอาชีวศึกษา โรงเรียนการช่างใน 65 วิทยาเขต และยกฐานะโรงเรียน เกษตรกรรม 12 แห่งเป็นวิทยาลัย'),
(5, 'ปีพ.ศ.2520', 'ปี พ.ศ.2520', 'จัดตั้งโรงเรียนเกษตรกรรม 10 แห่ง ปี พ.ศ.2521-2527 มีโครงการเงินกู้ธนาคารโลก จัดตั้งศูนย์ฝึกวิชาชีพ 12 แห่งในแต่ละเขตการศึกษา'),
(6, 'ปีพ.ศ.2522-2523', 'ปี พ.ศ.2522-2523', 'พบว่ามีปัญหาอุปสรรคในการบริหารจัดการดำเนินการแยกวิทยาเขตต่างๆ ออกเป็นอิสระ'),
(7, 'ปีพ.ศ.2522', 'ปี พ.ศ.2522', 'ได้มีการโอนวิทยาลัยเกษตรเจ้าคุณทหารไปสังกัดสถาบันเทคโนโลยีพระจอมเกล้า ประกาศใช้หลักสูตร ประกาศนียบัตรวิาชีพเทคนิค(ปวท.)และจัดตั้งศูนย์ฝึกอบรมและพัฒนาอาชีวศึกษา ต่อมากระทรวงศึกษาธิการได้ประกาศใช้หลักสูตรประกาศนียบัตรวิชาชีพเทคนิค(ปวท.) รับนักเรียนผู้จบมัธยมศึกษา ตอนปลาย โปรแกรมวิชาสามัญเข้าเรียนวิชาชีพ เป็นเวลา 2 ปี'),
(8, 'ปีพ.ศ.2523', 'ปีพ.ศ.2523', 'ได้มี \"พระราชกฤษฏีกาแบ่งส่วนราชการกรม อาชีวศึกษา กระทรวงศึกษาธิการ พ.ศ.2523\" กำหนดให้มี 10 หน่วยงาน ให้เกิดหน่วยงานใหม่จากเดิม คือ กองวิทยาลัย และกองโรงเรียนเป็นกองใหม่ คือ กองวิทยาลัยเกษตรกรรม, กองวิทยาลัยเทคนิค, กองวิทยาลัยอาชีวศึกษา'),
(9, 'ปีพ.ศ.2524', 'ปีพ.ศ.2524', 'ได้ประกาศใช้หลักสูตรประกาศนียบัตรวิชาชีพ พ.ศ.2524 ปี พ.ศ.2527 ได้ใช้หลักสูตรประกาศนียบัตร วิชาชีพชั้นสูง พ.ศ.2527 และหลักสูตรประกาศนียบัตรวิชาชีพเทคนิค พ.ศ.2527'),
(10, 'ปีพ.ศ.2528', 'ปีพ.ศ.2528', 'ส่งเสริมแนวคิด\"การอาชีวศึกษา ครบวงจร\" และได้มีการจัดตั้ง \"สำนักงานโครงการพิเศษ\" เป็นหน่วยงานภายในมีหน้าที่ประสานงานกับสำนักงานโครงการพิเศษและ รับผิดชอบ งานที่เกี่ยวข้องกับความมั่นคงและงานพัฒนาชนบท และปี พ.ศ.2530 ได้มีการจัดตั้ง \"วิทยาลัยการอาชีพ\" ในพื้นที่จังหวัด มุกดาหาร และแม่ฮ่องสอน โดยมีเป้าหมายที่จะจัดการศึกษาทุกประเภทวิชาชีพและทุกหลักสูตร ทั้งในและนอกระบบการศึกษา'),
(11, 'ปีพ.ศ.2531', 'ปีพ.ศ.2531', 'รับความช่วยเหลือจากเยอรมันเพื่อพัฒนาอาชีวศึกษาทวิภาคี'),
(12, 'ปีพ.ศ.2532-2533', 'ปีพ.ศ.2532-2533 UNDP ให้ความช่วยเหลือ', 'จัดตั้ง สถาบันพัฒนา ครูอาชีวศึกษา'),
(13, 'ปีพ.ศ.2533', 'ปีพ.ศ.2533 รัฐบาลเดนมาร์กได้ให้ความช่วยเหลือเงินกู้ยืมเพื่อพัฒนาอาชีวศึกษาเกษตร', 'ตลอดจนประเทศอื่น ในแถบทวีปยุโรป เช่น สหพันธ์สาธารณรัฐเยอรมนี ออสเตรีย อังกฤษ และอิตาลี ในการช่วยเหลือสถานศึกษาประเภทช่างอุตสาหกรรม นอกจากนี้หน่วยงานหรือองค์กรอื่นต่างประเทศที่ได้ให้ความช่วยเหลือ เช่น The United Nation Development Programme (UNDP) International Labour Organization (ILO), UNESCO เป็นต้น รวมถึงการได้รับความช่วยเหลือจากประเทศออสเต รเลีย ญี่ปุ่น คานาดา องค์กร CIDA และการได้รับอาสาสมัครจากออสเตรเลีย เยอรมนี ญี่ปุ่น และอังกฤษ ในการให้ความร่วมมือต่าง ๆ เพื่อการ พัฒนา และแลกเปลี่ยนความรู้และประสบการด้านอาชีวศึกษา และในปี 2533 ได้ประกาศใช้หลักสูตรประกาศนียบัตร ครูเทคนิคชั้นสูง (ปทส.)'),
(14, 'ปีพ.ศ.2533-2535', 'ปี พ.ศ.2533-2535 นี้มีผู้สนใจเรียนอาชีวศึกษามาก จึงจัดตั้งสถานศึกษาเพิ่ม 20 แห่ง', 'พระราชกฤษฏีกาแบ่งส่วนราชการกรมอาชีวศึกษา กระทรวงศึกษาธิการ พ.ศ.2535 ได้ถูกประกาศและกำหนด ใช้จนถึง ปัจจุบัน แบ่งส่วนราชการออกเป็น 11 หน่วยงาน โดยเพิ่มสถาบันพัฒนาครูอาชีวศึกษาเป็นหน่วยงานอิสระระดับกอง'),
(15, 'ปีพ.ศ.2535-2539', 'ปี พ.ศ.2535-2539 ได้มีโครงการจัดตั้งวิทยาลัยเพิ่มขึ้นอีกจำนวน 93 แห่ง', 'เฉพาะโครงการจัดตั้งวิทยาลัยการอาชีพ ระดับ อำเภอ 60 แห่ง วิทยาลัยสารพัดช่าง 25 แห่ง และอีก 8 แห่ง มีวัตถุประสงค์เพื่อขยายโอกาสทางการศึกษาวิชาชีพไปสู่ท้องถิ่น สนับสนุน การพัฒนาชนบท เพื่อผลิตกำลังคนด้านวิชาชีพในระดับช่างกี่งฝีมือ และช่างเทคนิค ให้ตรงกับความต้องการ ของตลาด แรงงาน และสอดคล้องกับสภาพเศษฐกิจและสังคมของประเทศ'),
(16, 'ปีพ.ศ.2535-2543', 'ปี พ.ศ.2536-2543 ได้รับความร่วมมือจากรัฐบาลญี่ปุ่น', 'พัฒนาการผลิตกำลังคนสาขาวิชาแมคคาทรอนิกส์ ที่วิทยาลัยช่างกลปทุมวัน ปี พ.ศ.2537 มีโครงการเงินกู้กองทุนความร่วมมือทางเศรษฐกิจโพ้นทะเลแห่งญี่ปุ่น (Overseas Economic Cooperation Fund, JAPAN) โดยได้รับอนุมัติให้ดำเนินโครงการเมื่อวันที่ 2 สิงหาคม 2537 เพื่อพัฒนาเครื่องมืออุปกรณ์ และ บุคลากร ในสถานศึกษา 20 แห่ง'),
(17, 'ปีพ.ศ.2538', 'ปีพ.ศ.2538 กรมอาชีวศึกษาได้พัฒนาระบบเครือข่ายเทคโนโลยีสารสนเทศ', 'ของกรมอาชีวศึกษาและการจัดการเรียน การสอนอาชีวศึกษาระบบทางไกล'),
(18, 'ปีพ.ศ.2537-2539', 'ปี พ.ศ. 2537-2539 ได้รับความ ช่วยเหลือ จากรัฐบาลเบลเยี่ยม', 'พัฒนาการผลิตกำลังคน สาขาวิชาเทคนิค การผลิตและพัฒนสื่อการสอน'),
(19, 'ปีพ.ศ.2540', 'ปี พ.ศ.2540 การอาชีวศึกษา ได้รับความสนใจอย่างมากโดยรัฐบาลให้การสนับสนุน', 'จัดตั้งวิทยาลัยการอาชีพ 70 แห่ง วิทยาลัยเทคนิค 19 แห่ง และวิทยาลัยบริหารธุรกิจและการท่องเที่ยว 2 แห่ง ในปัจจุบันได้มีพระราชกฤษฏีกาแบ่งส่วนราชการกรมอาชีวศึกษา กระทรวงศึกษาธิการ (ฉบับที่ 2) กำหนดให้ สถาบัน เทคโนโลยีปทุมวันเป็นส่วนราชการของกรมอาชีวศึกษา และกำหนดอำนาจหน้าที่ให้กรมอาชีวศึกษาจัดและส่งเสริม การศึกษาวิชาชีพ ในระดับปริญญาตรี อนุปริญญา ประกาศนียบัตรหลักสูรระยะสั้นและหลักสูตรพิเศษ รวมถึงพระราชบัญญัติการจัดการศึกษาในสถาบันเทคโนโลยีปทุมวัน'),
(20, 'ปีพ.ศ.2541', 'ปี พ.ศ.2541 ได้กำหนดให้สถาบันเทคโนโลยีปทุวันมีอำนาจจัดการศึกษาระดับ ปริญญาตรี', 'ด้านวิทยาศาสตร์ และ เทคโนโลยี และสถานศึกษาที่จัดหลักสูตรระดับปริญญาหรือเทียบเท่า ได้แก่หลักสูตร ประกาศนียบัตรครูวิชาชีพชั้นสูง (ปทส.) และ ปริญญาตรี ในการเปิดสอนเป็นไปตามเกณฑ์ มหาวิทยาลัยกำหนด'),
(21, 'ปีพ.ศ.2542', 'ปี พ.ศ.2542 ได้รับโครงการเงินยืมจากรัฐบาลเดนมาร์กเพื่อพัฒนาอาชีวเกษตรตามโครงการปรับปรุงรูปแบบ', 'โครงสร้างสถานศึกษาเกษตร โดยมีวัตถุประสงค์ของโครงการเพื่อเพิ่มความรู้ ทักษะปฏิบัติ และจัดหาเครื่องมือ-อุปกรณ์ เครื่องจักรกล และเทคโนโลยีที่ทันสมัยให้แก่นักเรียน นักศึกษา ในการผลิตสินค้าเกษตรและอุตสาหกรรมเกษตร รวมถึงการ ขยายผลให้แก่ เกษตรกรท้องถิ่น ตลอดจนพัฒนาบุคลากร หลักสูตรการจัดอาชีวศึกษาเกษตร การพัฒนาอาชีวศึกษาได้พัฒนา เป็นลำดับ โดยพิจารณาถึงระบบการประกันคุณภาพอาชีวศึกษา การพัฒนาหลักสูตรการเรียนการสอน การเทียบโอนหน่วยกิตสะสม การขยายโอกาสทางการศึกษาให้แก่ประชาชนและการพัฒนาบุคลากร ครู อาจารย์อาชีวศึกษา ตลอดจนการส่งเสริม ความร่วมมือ ระหว่างภาครัฐและเอกชนรวมถึงต่างประเทศ'),
(22, 'ปีพ.ศ.2546', 'วันที่ ๗ กรกฎาคม พ.ศ. ๒๕๔๖ ประกาศในราชกิจจานุเบกษา', 'ให้จัดตั้งสำนักงานคณะกรรมการการอาชีวศึกษา'),
(24, '$years', '$title123', 'undefined');

-- --------------------------------------------------------

--
-- Table structure for table `viewer`
--

CREATE TABLE `viewer` (
  `id` int(11) NOT NULL,
  `page` varchar(255) COLLATE utf8mb4_unicode_ci NOT NULL,
  `create_at` timestamp NOT NULL DEFAULT current_timestamp()
) ENGINE=InnoDB DEFAULT CHARSET=utf8mb4 COLLATE=utf8mb4_unicode_ci;

--
-- Indexes for dumped tables
--

--
-- Indexes for table `admin`
--
ALTER TABLE `admin`
  ADD PRIMARY KEY (`id`);

--
-- Indexes for table `admins`
--
ALTER TABLE `admins`
  ADD PRIMARY KEY (`ID`);

--
-- Indexes for table `advantage`
--
ALTER TABLE `advantage`
  ADD PRIMARY KEY (`id`);

--
-- Indexes for table `calendar`
--
ALTER TABLE `calendar`
  ADD PRIMARY KEY (`Cal_ID`);

--
-- Indexes for table `callus`
--
ALTER TABLE `callus`
  ADD PRIMARY KEY (`id`);

--
-- Indexes for table `chat`
--
ALTER TABLE `chat`
  ADD PRIMARY KEY (`id`);

--
-- Indexes for table `chatroom`
--
ALTER TABLE `chatroom`
  ADD PRIMARY KEY (`Chat_ID`);

--
-- Indexes for table `company`
--
ALTER TABLE `company`
  ADD PRIMARY KEY (`id`);

--
-- Indexes for table `course`
--
ALTER TABLE `course`
  ADD PRIMARY KEY (`id`);

--
-- Indexes for table `cp_award`
--
ALTER TABLE `cp_award`
  ADD PRIMARY KEY (`id`);

--
-- Indexes for table `dve`
--
ALTER TABLE `dve`
  ADD PRIMARY KEY (`id`);

--
-- Indexes for table `event`
--
ALTER TABLE `event`
  ADD PRIMARY KEY (`id`);

--
-- Indexes for table `gallery`
--
ALTER TABLE `gallery`
  ADD PRIMARY KEY (`id`);

--
-- Indexes for table `home`
--
ALTER TABLE `home`
  ADD PRIMARY KEY (`id`);

--
-- Indexes for table `member`
--
ALTER TABLE `member`
  ADD PRIMARY KEY (`id`);

--
-- Indexes for table `noti`
--
ALTER TABLE `noti`
  ADD PRIMARY KEY (`id`,`event_id`),
  ADD KEY `event_id` (`event_id`);

--
-- Indexes for table `q&a`
--
ALTER TABLE `q&a`
  ADD PRIMARY KEY (`Q_ID`);

--
-- Indexes for table `quality`
--
ALTER TABLE `quality`
  ADD PRIMARY KEY (`id`);

--
-- Indexes for table `schedule`
--
ALTER TABLE `schedule`
  ADD PRIMARY KEY (`id`);

--
-- Indexes for table `schoolcontact`
--
ALTER TABLE `schoolcontact`
  ADD PRIMARY KEY (`id`);

--
-- Indexes for table `search`
--
ALTER TABLE `search`
  ADD PRIMARY KEY (`id`);

--
-- Indexes for table `vec`
--
ALTER TABLE `vec`
  ADD PRIMARY KEY (`id`);

--
-- Indexes for table `vec_dev`
--
ALTER TABLE `vec_dev`
  ADD PRIMARY KEY (`id`);

--
-- Indexes for table `viewer`
--
ALTER TABLE `viewer`
  ADD PRIMARY KEY (`id`);

--
-- AUTO_INCREMENT for dumped tables
--

--
-- AUTO_INCREMENT for table `advantage`
--
ALTER TABLE `advantage`
  MODIFY `id` int(11) NOT NULL AUTO_INCREMENT, AUTO_INCREMENT=8;

--
-- AUTO_INCREMENT for table `callus`
--
ALTER TABLE `callus`
  MODIFY `id` int(11) NOT NULL AUTO_INCREMENT, AUTO_INCREMENT=9;

--
-- AUTO_INCREMENT for table `chat`
--
ALTER TABLE `chat`
  MODIFY `id` int(11) NOT NULL AUTO_INCREMENT, AUTO_INCREMENT=25;

--
-- AUTO_INCREMENT for table `course`
--
ALTER TABLE `course`
  MODIFY `id` int(11) NOT NULL AUTO_INCREMENT, AUTO_INCREMENT=3;

--
-- AUTO_INCREMENT for table `cp_award`
--
ALTER TABLE `cp_award`
  MODIFY `id` int(20) NOT NULL AUTO_INCREMENT, AUTO_INCREMENT=14;

--
-- AUTO_INCREMENT for table `dve`
--
ALTER TABLE `dve`
  MODIFY `id` int(11) NOT NULL AUTO_INCREMENT, AUTO_INCREMENT=18;

--
-- AUTO_INCREMENT for table `event`
--
ALTER TABLE `event`
  MODIFY `id` int(11) NOT NULL AUTO_INCREMENT, AUTO_INCREMENT=1558250834;

--
-- AUTO_INCREMENT for table `gallery`
--
ALTER TABLE `gallery`
  MODIFY `id` int(11) NOT NULL AUTO_INCREMENT, AUTO_INCREMENT=19;

--
-- AUTO_INCREMENT for table `home`
--
ALTER TABLE `home`
  MODIFY `id` int(11) NOT NULL AUTO_INCREMENT, AUTO_INCREMENT=4;

--
-- AUTO_INCREMENT for table `member`
--
ALTER TABLE `member`
  MODIFY `id` int(11) NOT NULL AUTO_INCREMENT, AUTO_INCREMENT=46;

--
-- AUTO_INCREMENT for table `noti`
--
ALTER TABLE `noti`
  MODIFY `id` int(11) NOT NULL AUTO_INCREMENT, AUTO_INCREMENT=203;

--
-- AUTO_INCREMENT for table `q&a`
--
ALTER TABLE `q&a`
  MODIFY `Q_ID` int(20) NOT NULL AUTO_INCREMENT, AUTO_INCREMENT=13;

--
-- AUTO_INCREMENT for table `quality`
--
ALTER TABLE `quality`
  MODIFY `id` int(11) NOT NULL AUTO_INCREMENT, AUTO_INCREMENT=8;

--
-- AUTO_INCREMENT for table `schedule`
--
ALTER TABLE `schedule`
  MODIFY `id` int(11) NOT NULL AUTO_INCREMENT, AUTO_INCREMENT=15;

--
-- AUTO_INCREMENT for table `schoolcontact`
--
ALTER TABLE `schoolcontact`
  MODIFY `id` int(11) NOT NULL AUTO_INCREMENT, AUTO_INCREMENT=45;

--
-- AUTO_INCREMENT for table `search`
--
ALTER TABLE `search`
  MODIFY `id` int(11) NOT NULL AUTO_INCREMENT, AUTO_INCREMENT=124;

--
-- AUTO_INCREMENT for table `vec`
--
ALTER TABLE `vec`
  MODIFY `id` int(11) NOT NULL AUTO_INCREMENT, AUTO_INCREMENT=14;

--
-- AUTO_INCREMENT for table `vec_dev`
--
ALTER TABLE `vec_dev`
  MODIFY `id` int(11) NOT NULL AUTO_INCREMENT, AUTO_INCREMENT=25;

--
-- AUTO_INCREMENT for table `viewer`
--
ALTER TABLE `viewer`
  MODIFY `id` int(11) NOT NULL AUTO_INCREMENT;

--
-- Constraints for dumped tables
--

--
-- Constraints for table `noti`
--
ALTER TABLE `noti`
  ADD CONSTRAINT `noti_ibfk_1` FOREIGN KEY (`event_id`) REFERENCES `event` (`id`);
COMMIT;

/*!40101 SET CHARACTER_SET_CLIENT=@OLD_CHARACTER_SET_CLIENT */;
/*!40101 SET CHARACTER_SET_RESULTS=@OLD_CHARACTER_SET_RESULTS */;
/*!40101 SET COLLATION_CONNECTION=@OLD_COLLATION_CONNECTION */;
